window_index,start_time,end_time,command,confidence,ground_truth
0,0.00,3.00,WALK,0.5919,STOP
1,0.25,3.25,WALK,0.6499,STOP
2,0.50,3.50,STOP,0.6456,STOP
3,0.75,3.75,STOP,0.9432,STOP
4,1.00,4.00,STOP,0.9249,STOP
5,1.25,4.25,STOP,0.9390,STOP
6,1.50,4.50,STOP,0.9322,STOP
7,1.75,4.75,STOP,0.9299,STOP
8,2.00,5.00,STOP,0.9463,STOP
9,2.25,5.25,STOP,0.9717,STOP
10,2.50,5.50,STOP,0.9628,STOP
11,2.75,5.75,STOP,0.9454,STOP
12,3.00,6.00,STOP,0.9481,STOP
13,3.25,6.25,STOP,0.9632,STOP
14,3.50,6.50,STOP,0.9421,STOP
15,3.75,6.75,STOP,0.9260,STOP
16,4.00,7.00,STOP,0.9557,STOP
17,4.25,7.25,STOP,0.9612,STOP
18,4.50,7.50,STOP,0.9754,STOP
19,4.75,7.75,STOP,0.9779,STOP
20,5.00,8.00,STOP,0.9741,STOP
21,5.25,8.25,STOP,0.9574,STOP
22,5.50,8.50,STOP,0.9442,STOP
23,5.75,8.75,STOP,0.9435,STOP
24,6.00,9.00,STOP,0.9631,STOP
25,6.25,9.25,STOP,0.9566,STOP
26,6.50,9.50,STOP,0.9598,STOP
27,6.75,9.75,STOP,0.9887,STOP
28,7.00,10.00,STOP,0.9922,STOP
29,7.25,10.25,STOP,0.9891,STOP
30,7.50,10.50,STOP,0.9897,STOP
31,7.75,10.75,STOP,0.9898,STOP
32,8.00,11.00,STOP,0.9858,STOP
33,8.25,11.25,STOP,0.9874,STOP
34,8.50,11.50,STOP,0.9799,STOP
35,8.75,11.75,STOP,0.9769,STOP
36,9.00,12.00,STOP,0.9521,STOP
37,9.25,12.25,STOP,0.9052,STOP
38,9.50,12.50,STOP,0.8963,STOP
39,9.75,12.75,STOP,0.9304,STOP
40,10.00,13.00,STOP,0.9590,STOP
41,10.25,13.25,STOP,0.9730,STOP
42,10.50,13.50,STOP,0.9734,STOP
43,10.75,13.75,STOP,0.9292,STOP
44,11.00,14.00,STOP,0.8951,STOP
45,11.25,14.25,STOP,0.8551,STOP
46,11.50,14.50,STOP,0.9658,STOP
47,11.75,14.75,STOP,0.9866,STOP
48,12.00,15.00,STOP,0.9882,STOP
49,12.25,15.25,STOP,0.9941,STOP
50,12.50,15.50,STOP,0.9965,STOP
51,12.75,15.75,STOP,0.9831,STOP
52,13.00,16.00,STOP,0.9677,STOP
53,13.25,16.25,STOP,0.9556,STOP
54,13.50,16.50,STOP,0.9842,STOP
55,13.75,16.75,STOP,0.9919,STOP
56,14.00,17.00,STOP,0.9823,STOP
57,14.25,17.25,STOP,0.9189,STOP
58,14.50,17.50,STOP,0.7936,STOP
59,14.75,17.75,STOP,0.7968,STOP
60,15.00,18.00,STOP,0.8638,STOP
61,15.25,18.25,STOP,0.9037,STOP
62,15.50,18.50,STOP,0.9674,STOP
63,15.75,18.75,STOP,0.9880,STOP
64,16.00,19.00,STOP,0.9901,STOP
65,16.25,19.25,STOP,0.9938,STOP
66,16.50,19.50,STOP,0.9964,STOP
67,16.75,19.75,STOP,0.9970,STOP
68,17.00,20.00,STOP,0.9987,STOP
69,17.25,20.25,STOP,0.9987,STOP
70,17.50,20.50,STOP,0.9985,STOP
71,17.75,20.75,STOP,0.9979,STOP
72,18.00,21.00,STOP,0.9967,STOP
73,18.25,21.25,STOP,0.9906,STOP
74,18.50,21.50,STOP,0.9889,STOP
75,18.75,21.75,STOP,0.9869,STOP
76,19.00,22.00,STOP,0.9851,STOP
77,19.25,22.25,STOP,0.9886,STOP
78,19.50,22.50,STOP,0.9920,STOP
79,19.75,22.75,STOP,0.9923,STOP
80,20.00,23.00,STOP,0.9922,STOP
81,20.25,23.25,STOP,0.9928,STOP
82,20.50,23.50,STOP,0.9927,STOP
83,20.75,23.75,STOP,0.9851,STOP
84,21.00,24.00,STOP,0.9920,STOP
85,21.25,24.25,STOP,0.9946,STOP
86,21.50,24.50,STOP,0.9922,STOP
87,21.75,24.75,STOP,0.9879,STOP
88,22.00,25.00,STOP,0.9941,STOP
89,22.25,25.25,STOP,0.9959,STOP
90,22.50,25.50,STOP,0.9965,STOP
91,22.75,25.75,STOP,0.9903,STOP
92,23.00,26.00,STOP,0.9906,STOP
93,23.25,26.25,STOP,0.9899,STOP
94,23.50,26.50,STOP,0.9915,STOP
95,23.75,26.75,STOP,0.9902,STOP
96,24.00,27.00,STOP,0.9679,STOP
97,24.25,27.25,STOP,0.9131,STOP
98,24.50,27.50,STOP,0.8251,STOP
99,24.75,27.75,STOP,0.8718,STOP
100,25.00,28.00,STOP,0.9172,STOP
101,25.25,28.25,STOP,0.9536,STOP
102,25.50,28.50,STOP,0.9665,STOP
103,25.75,28.75,STOP,0.9744,STOP
104,26.00,29.00,STOP,0.9653,STOP
105,26.25,29.25,STOP,0.9551,STOP
106,26.50,29.50,STOP,0.9666,STOP
107,26.75,29.75,STOP,0.9750,STOP
108,27.00,30.00,STOP,0.9818,STOP
109,27.25,30.25,STOP,0.9864,STOP
110,27.50,30.50,STOP,0.9934,STOP
111,27.75,30.75,STOP,0.9959,STOP
112,28.00,31.00,STOP,0.9927,STOP
113,28.25,31.25,STOP,0.9942,STOP
114,28.50,31.50,STOP,0.9938,STOP
115,28.75,31.75,STOP,0.9786,STOP
116,29.00,32.00,STOP,0.9175,STOP
117,29.25,32.25,STOP,0.9481,STOP
118,29.50,32.50,STOP,0.9667,STOP
119,29.75,32.75,STOP,0.9577,STOP
120,30.00,33.00,STOP,0.9516,STOP
121,30.25,33.25,STOP,0.9370,STOP
122,30.50,33.50,STOP,0.9097,STOP
123,30.75,33.75,STOP,0.8939,STOP
124,31.00,34.00,STOP,0.9624,STOP
125,31.25,34.25,STOP,0.9660,STOP
126,31.50,34.50,STOP,0.9427,STOP
127,31.75,34.75,STOP,0.9254,STOP
128,32.00,35.00,STOP,0.9573,STOP
129,32.25,35.25,STOP,0.9661,STOP
130,32.50,35.50,STOP,0.9679,STOP
131,32.75,35.75,STOP,0.9884,STOP
132,33.00,36.00,STOP,0.9967,STOP
133,33.25,36.25,STOP,0.9959,STOP
134,33.50,36.50,STOP,0.9979,STOP
135,33.75,36.75,STOP,0.9982,STOP
136,34.00,37.00,STOP,0.9975,STOP
137,34.25,37.25,STOP,0.9971,STOP
138,34.50,37.50,STOP,0.9976,STOP
139,34.75,37.75,STOP,0.9983,STOP
140,35.00,38.00,STOP,0.9980,STOP
141,35.25,38.25,STOP,0.9972,STOP
142,35.50,38.50,STOP,0.9908,STOP
143,35.75,38.75,STOP,0.9648,STOP
144,36.00,39.00,STOP,0.9760,STOP
145,36.25,39.25,STOP,0.9746,STOP
146,36.50,39.50,STOP,0.9537,STOP
147,36.75,39.75,STOP,0.9588,STOP
148,37.00,40.00,STOP,0.9543,STOP
149,37.25,40.25,STOP,0.9630,STOP
150,37.50,40.50,STOP,0.9590,STOP
151,37.75,40.75,STOP,0.9376,STOP
152,38.00,41.00,STOP,0.8871,STOP
153,38.25,41.25,STOP,0.9628,STOP
154,38.50,41.50,STOP,0.8863,STOP
155,38.75,41.75,STOP,0.9587,STOP
156,39.00,42.00,STOP,0.9693,STOP
157,39.25,42.25,STOP,0.9636,STOP
158,39.50,42.50,STOP,0.9754,STOP
159,39.75,42.75,STOP,0.9619,STOP
160,40.00,43.00,STOP,0.9704,STOP
161,40.25,43.25,STOP,0.9820,STOP
162,40.50,43.50,STOP,0.9098,STOP
163,40.75,43.75,STOP,0.9664,STOP
164,41.00,44.00,STOP,0.9844,STOP
165,41.25,44.25,STOP,0.9876,STOP
166,41.50,44.50,STOP,0.9846,STOP
167,41.75,44.75,STOP,0.9711,STOP
168,42.00,45.00,STOP,0.9580,STOP
169,42.25,45.25,STOP,0.9491,STOP
170,42.50,45.50,STOP,0.9319,STOP
171,42.75,45.75,STOP,0.9429,STOP
172,43.00,46.00,STOP,0.9638,STOP
173,43.25,46.25,STOP,0.9708,STOP
174,43.50,46.50,STOP,0.9446,STOP
175,43.75,46.75,STOP,0.9832,STOP
176,44.00,47.00,STOP,0.9876,STOP
177,44.25,47.25,STOP,0.9835,STOP
178,44.50,47.50,STOP,0.9695,STOP
179,44.75,47.75,STOP,0.9838,STOP
180,45.00,48.00,STOP,0.9839,STOP
181,45.25,48.25,STOP,0.9783,STOP
182,45.50,48.50,STOP,0.9710,STOP
183,45.75,48.75,STOP,0.9489,STOP
184,46.00,49.00,STOP,0.9739,STOP
185,46.25,49.25,STOP,0.9774,STOP
186,46.50,49.50,STOP,0.9857,STOP
187,46.75,49.75,STOP,0.9785,STOP
188,47.00,50.00,STOP,0.9730,STOP
189,47.25,50.25,STOP,0.9758,STOP
190,47.50,50.50,STOP,0.9753,STOP
191,47.75,50.75,STOP,0.9680,STOP
192,48.00,51.00,STOP,0.9612,STOP
193,48.25,51.25,STOP,0.9812,STOP
194,48.50,51.50,STOP,0.9935,STOP
195,48.75,51.75,STOP,0.9961,STOP
196,49.00,52.00,STOP,0.9974,STOP
197,49.25,52.25,STOP,0.9945,STOP
198,49.50,52.50,STOP,0.9864,STOP
199,49.75,52.75,STOP,0.9907,STOP
200,50.00,53.00,STOP,0.9911,STOP
201,50.25,53.25,STOP,0.9845,STOP
202,50.50,53.50,STOP,0.9736,STOP
203,50.75,53.75,STOP,0.9359,STOP
204,51.00,54.00,STOP,0.9212,STOP
205,51.25,54.25,STOP,0.9269,STOP
206,51.50,54.50,STOP,0.8880,STOP
207,51.75,54.75,STOP,0.8753,STOP
208,52.00,55.00,STOP,0.8588,STOP
209,52.25,55.25,STOP,0.9093,STOP
210,52.50,55.50,STOP,0.9166,STOP
211,52.75,55.75,STOP,0.9063,STOP
212,53.00,56.00,STOP,0.9716,STOP
213,53.25,56.25,STOP,0.9866,STOP
214,53.50,56.50,STOP,0.9756,STOP
215,53.75,56.75,STOP,0.9501,STOP
216,54.00,57.00,STOP,0.9779,STOP
217,54.25,57.25,STOP,0.9817,STOP
218,54.50,57.50,STOP,0.9913,STOP
219,54.75,57.75,STOP,0.9855,STOP
220,55.00,58.00,STOP,0.9784,STOP
221,55.25,58.25,STOP,0.9796,STOP
222,55.50,58.50,STOP,0.9822,STOP
223,55.75,58.75,STOP,0.9877,STOP
224,56.00,59.00,STOP,0.9863,STOP
225,56.25,59.25,STOP,0.9949,STOP
226,56.50,59.50,STOP,0.9979,STOP
227,56.75,59.75,STOP,0.9986,STOP
228,57.00,60.00,STOP,0.9984,STOP
229,57.25,60.25,STOP,0.9946,STOP
230,57.50,60.50,STOP,0.9843,WALK
231,57.75,60.75,STOP,0.8170,WALK
232,58.00,61.00,STOP,0.6174,WALK
233,58.25,61.25,STOP,0.8314,WALK
234,58.50,61.50,STOP,0.7619,WALK
235,58.75,61.75,STOP,0.6609,WALK
236,59.00,62.00,STOP,0.5179,WALK
237,59.25,62.25,WALK,0.7059,WALK
238,59.50,62.50,WALK,0.7478,WALK
239,59.75,62.75,WALK,0.6001,WALK
240,60.00,63.00,WALK,0.7124,WALK
241,60.25,63.25,WALK,0.8041,WALK
242,60.50,63.50,WALK,0.7084,WALK
243,60.75,63.75,WALK,0.6182,WALK
244,61.00,64.00,WALK,0.6208,WALK
245,61.25,64.25,WALK,0.8537,WALK
246,61.50,64.50,WALK,0.8236,WALK
247,61.75,64.75,WALK,0.8283,WALK
248,62.00,65.00,WALK,0.7137,WALK
249,62.25,65.25,WALK,0.8494,WALK
250,62.50,65.50,WALK,0.8059,WALK
251,62.75,65.75,WALK,0.8271,WALK
252,63.00,66.00,WALK,0.9519,WALK
253,63.25,66.25,WALK,0.9746,WALK
254,63.50,66.50,WALK,0.9845,WALK
255,63.75,66.75,WALK,0.9933,WALK
256,64.00,67.00,WALK,0.9848,WALK
257,64.25,67.25,WALK,0.9800,WALK
258,64.50,67.50,WALK,0.9752,WALK
259,64.75,67.75,WALK,0.9702,WALK
260,65.00,68.00,WALK,0.9664,WALK
261,65.25,68.25,WALK,0.9782,WALK
262,65.50,68.50,WALK,0.9881,WALK
263,65.75,68.75,WALK,0.9907,WALK
264,66.00,69.00,WALK,0.9925,WALK
265,66.25,69.25,WALK,0.9937,WALK
266,66.50,69.50,WALK,0.9949,WALK
267,66.75,69.75,WALK,0.9891,WALK
268,67.00,70.00,WALK,0.9069,WALK
269,67.25,70.25,WALK,0.8368,WALK
270,67.50,70.50,WALK,0.7155,WALK
271,67.75,70.75,WALK,0.8337,WALK
272,68.00,71.00,WALK,0.9384,WALK
273,68.25,71.25,WALK,0.9138,WALK
274,68.50,71.50,WALK,0.8620,WALK
275,68.75,71.75,WALK,0.7419,WALK
276,69.00,72.00,WALK,0.7784,WALK
277,69.25,72.25,STOP,0.7073,WALK
278,69.50,72.50,STOP,0.8508,WALK
279,69.75,72.75,STOP,0.7485,WALK
280,70.00,73.00,STOP,0.7434,WALK
281,70.25,73.25,STOP,0.6616,STOP
282,70.50,73.50,STOP,0.8285,STOP
283,70.75,73.75,STOP,0.8019,STOP
284,71.00,74.00,STOP,0.8906,STOP
285,71.25,74.25,STOP,0.8256,STOP
286,71.50,74.50,STOP,0.7631,STOP
287,71.75,74.75,STOP,0.6876,STOP
288,72.00,75.00,STOP,0.5677,STOP
289,72.25,75.25,STOP,0.9057,STOP
290,72.50,75.50,STOP,0.9226,STOP
291,72.75,75.75,STOP,0.9278,STOP
292,73.00,76.00,STOP,0.9261,STOP
293,73.25,76.25,STOP,0.9446,STOP
294,73.50,76.50,STOP,0.9537,STOP
295,73.75,76.75,STOP,0.9665,STOP
296,74.00,77.00,STOP,0.9778,STOP
297,74.25,77.25,STOP,0.9849,STOP
298,74.50,77.50,STOP,0.9560,STOP
299,74.75,77.75,STOP,0.9580,STOP
300,75.00,78.00,STOP,0.9620,STOP
301,75.25,78.25,STOP,0.9788,STOP
302,75.50,78.50,STOP,0.9791,STOP
303,75.75,78.75,STOP,0.9845,STOP
304,76.00,79.00,STOP,0.9869,STOP
305,76.25,79.25,STOP,0.9779,STOP
306,76.50,79.50,STOP,0.9804,STOP
307,76.75,79.75,STOP,0.9793,STOP
308,77.00,80.00,STOP,0.9907,STOP
309,77.25,80.25,STOP,0.9887,STOP
310,77.50,80.50,STOP,0.9951,STOP
311,77.75,80.75,STOP,0.9947,STOP
312,78.00,81.00,STOP,0.9886,STOP
313,78.25,81.25,STOP,0.9906,STOP
314,78.50,81.50,STOP,0.9794,STOP
315,78.75,81.75,STOP,0.9301,STOP
316,79.00,82.00,STOP,0.9390,STOP
317,79.25,82.25,STOP,0.9733,STOP
318,79.50,82.50,STOP,0.9695,STOP
319,79.75,82.75,STOP,0.9693,STOP
320,80.00,83.00,STOP,0.8427,STOP
321,80.25,83.25,STOP,0.6509,STOP
322,80.50,83.50,STOP,0.8221,STOP
323,80.75,83.75,STOP,0.8675,STOP
324,81.00,84.00,STOP,0.9074,STOP
325,81.25,84.25,STOP,0.8635,STOP
326,81.50,84.50,STOP,0.8249,STOP
327,81.75,84.75,STOP,0.9463,STOP
328,82.00,85.00,STOP,0.9402,STOP
329,82.25,85.25,STOP,0.8912,STOP
330,82.50,85.50,STOP,0.9010,STOP
331,82.75,85.75,STOP,0.9247,STOP
332,83.00,86.00,STOP,0.9376,STOP
333,83.25,86.25,STOP,0.9743,STOP
334,83.50,86.50,STOP,0.9649,STOP
335,83.75,86.75,STOP,0.9231,STOP
336,84.00,87.00,STOP,0.9229,STOP
337,84.25,87.25,STOP,0.8986,STOP
338,84.50,87.50,STOP,0.9288,STOP
339,84.75,87.75,STOP,0.9183,STOP
340,85.00,88.00,STOP,0.8786,STOP
341,85.25,88.25,STOP,0.9064,STOP
342,85.50,88.50,STOP,0.8894,STOP
343,85.75,88.75,STOP,0.8584,STOP
344,86.00,89.00,STOP,0.9273,STOP
345,86.25,89.25,STOP,0.9668,STOP
346,86.50,89.50,STOP,0.9746,STOP
347,86.75,89.75,STOP,0.9778,STOP
348,87.00,90.00,STOP,0.9737,STOP
349,87.25,90.25,STOP,0.9657,STOP
350,87.50,90.50,STOP,0.9635,STOP
351,87.75,90.75,STOP,0.9663,STOP
352,88.00,91.00,STOP,0.9796,STOP
353,88.25,91.25,STOP,0.9502,STOP
354,88.50,91.50,STOP,0.9628,STOP
355,88.75,91.75,STOP,0.9675,STOP
356,89.00,92.00,STOP,0.9605,WALK
357,89.25,92.25,STOP,0.8329,WALK
358,89.50,92.50,STOP,0.7975,WALK
359,89.75,92.75,STOP,0.5550,WALK
360,90.00,93.00,STOP,0.6273,WALK
361,90.25,93.25,STOP,0.9268,WALK
362,90.50,93.50,STOP,0.9753,WALK
363,90.75,93.75,STOP,0.9336,WALK
364,91.00,94.00,WALK,0.5033,WALK
365,91.25,94.25,WALK,0.8576,WALK
366,91.50,94.50,WALK,0.9758,WALK
367,91.75,94.75,WALK,0.9852,WALK
368,92.00,95.00,WALK,0.9509,WALK
369,92.25,95.25,WALK,0.7565,WALK
370,92.50,95.50,WALK,0.7095,WALK
371,92.75,95.75,WALK,0.7028,WALK
372,93.00,96.00,WALK,0.6457,WALK
373,93.25,96.25,WALK,0.7049,WALK
374,93.50,96.50,WALK,0.7798,WALK
375,93.75,96.75,WALK,0.5725,WALK
376,94.00,97.00,WALK,0.5198,WALK
377,94.25,97.25,WALK,0.9069,WALK
378,94.50,97.50,WALK,0.9830,WALK
379,94.75,97.75,WALK,0.9898,WALK
380,95.00,98.00,WALK,0.9925,WALK
381,95.25,98.25,WALK,0.9882,WALK
382,95.50,98.50,WALK,0.9813,WALK
383,95.75,98.75,WALK,0.9706,WALK
384,96.00,99.00,WALK,0.9728,WALK
385,96.25,99.25,WALK,0.9581,WALK
386,96.50,99.50,WALK,0.8769,WALK
387,96.75,99.75,WALK,0.6633,WALK
388,97.00,100.00,STOP,0.5630,WALK
389,97.25,100.25,STOP,0.6958,WALK
390,97.50,100.50,STOP,0.7948,WALK
391,97.75,100.75,STOP,0.8422,WALK
392,98.00,101.00,STOP,0.8427,WALK
393,98.25,101.25,STOP,0.5240,WALK
394,98.50,101.50,WALK,0.6744,WALK
395,98.75,101.75,WALK,0.5407,WALK
396,99.00,102.00,WALK,0.5346,WALK
397,99.25,102.25,WALK,0.6830,WALK
398,99.50,102.50,WALK,0.7228,WALK
399,99.75,102.75,WALK,0.7162,WALK
400,100.00,103.00,WALK,0.5525,WALK
401,100.25,103.25,WALK,0.6989,WALK
402,100.50,103.50,WALK,0.9019,WALK
403,100.75,103.75,WALK,0.6244,WALK
404,101.00,104.00,STOP,0.5314,WALK
405,101.25,104.25,STOP,0.6194,WALK
406,101.50,104.50,STOP,0.5201,WALK
407,101.75,104.75,STOP,0.8313,STOP
408,102.00,105.00,STOP,0.7373,STOP
409,102.25,105.25,STOP,0.5781,STOP
410,102.50,105.50,STOP,0.5154,STOP
411,102.75,105.75,STOP,0.6581,STOP
412,103.00,106.00,STOP,0.6754,STOP
413,103.25,106.25,STOP,0.7417,STOP
414,103.50,106.50,STOP,0.9062,STOP
415,103.75,106.75,STOP,0.8513,STOP
416,104.00,107.00,STOP,0.8957,STOP
417,104.25,107.25,STOP,0.9273,STOP
418,104.50,107.50,STOP,0.9377,STOP
419,104.75,107.75,STOP,0.9479,STOP
420,105.00,108.00,STOP,0.9590,STOP
421,105.25,108.25,STOP,0.9733,STOP
422,105.50,108.50,STOP,0.9725,STOP
423,105.75,108.75,STOP,0.9709,STOP
424,106.00,109.00,STOP,0.9697,STOP
425,106.25,109.25,STOP,0.9573,STOP
426,106.50,109.50,STOP,0.9727,STOP
427,106.75,109.75,STOP,0.9765,STOP
428,107.00,110.00,STOP,0.8226,STOP
429,107.25,110.25,STOP,0.8879,STOP
430,107.50,110.50,STOP,0.8991,STOP
431,107.75,110.75,STOP,0.9108,STOP
432,108.00,111.00,STOP,0.8477,STOP
433,108.25,111.25,STOP,0.8015,STOP
434,108.50,111.50,STOP,0.7485,STOP
435,108.75,111.75,STOP,0.7987,STOP
436,109.00,112.00,STOP,0.6377,STOP
437,109.25,112.25,STOP,0.8773,STOP
438,109.50,112.50,STOP,0.9090,STOP
439,109.75,112.75,STOP,0.8178,STOP
440,110.00,113.00,STOP,0.6818,STOP
441,110.25,113.25,STOP,0.5325,STOP
442,110.50,113.50,STOP,0.7602,STOP
443,110.75,113.75,STOP,0.8239,STOP
444,111.00,114.00,STOP,0.6716,STOP
445,111.25,114.25,STOP,0.5194,STOP
446,111.50,114.50,STOP,0.5494,STOP
447,111.75,114.75,WALK,0.5144,STOP
448,112.00,115.00,STOP,0.6463,STOP
449,112.25,115.25,STOP,0.6593,STOP
450,112.50,115.50,STOP,0.5579,STOP
451,112.75,115.75,STOP,0.8746,STOP
452,113.00,116.00,STOP,0.7522,STOP
453,113.25,116.25,STOP,0.8063,STOP
454,113.50,116.50,STOP,0.9294,STOP
455,113.75,116.75,STOP,0.9518,STOP
456,114.00,117.00,STOP,0.9607,STOP
457,114.25,117.25,STOP,0.8591,STOP
458,114.50,117.50,STOP,0.8214,STOP
459,114.75,117.75,STOP,0.8010,STOP
460,115.00,118.00,STOP,0.7037,STOP
461,115.25,118.25,STOP,0.7373,STOP
462,115.50,118.50,STOP,0.7088,WALK
463,115.75,118.75,STOP,0.6910,WALK
464,116.00,119.00,STOP,0.7690,WALK
465,116.25,119.25,STOP,0.6879,WALK
466,116.50,119.50,STOP,0.6091,WALK
467,116.75,119.75,WALK,0.6143,WALK
468,117.00,120.00,WALK,0.9046,WALK
469,117.25,120.25,WALK,0.8927,WALK
470,117.50,120.50,WALK,0.9370,WALK
471,117.75,120.75,WALK,0.9726,WALK
472,118.00,121.00,WALK,0.9835,WALK
473,118.25,121.25,WALK,0.9780,WALK
474,118.50,121.50,WALK,0.9722,WALK
475,118.75,121.75,WALK,0.9475,WALK
476,119.00,122.00,WALK,0.9683,WALK
477,119.25,122.25,WALK,0.9807,WALK
478,119.50,122.50,WALK,0.9820,WALK
479,119.75,122.75,WALK,0.9838,WALK
480,120.00,123.00,WALK,0.9875,WALK
481,120.25,123.25,WALK,0.9987,WALK
482,120.50,123.50,WALK,0.9635,WALK
483,120.75,123.75,WALK,0.8941,WALK
484,121.00,124.00,WALK,0.9470,WALK
485,121.25,124.25,WALK,0.9823,WALK
486,121.50,124.50,WALK,0.9938,WALK
487,121.75,124.75,WALK,0.9932,WALK
488,122.00,125.00,WALK,0.9872,WALK
489,122.25,125.25,WALK,0.9937,WALK
490,122.50,125.50,WALK,0.9997,WALK
491,122.75,125.75,WALK,0.9993,WALK
492,123.00,126.00,WALK,0.9887,WALK
493,123.25,126.25,WALK,0.9944,WALK
494,123.50,126.50,WALK,0.9929,WALK
495,123.75,126.75,WALK,0.9956,WALK
496,124.00,127.00,WALK,0.9802,WALK
497,124.25,127.25,WALK,0.9261,WALK
498,124.50,127.50,WALK,0.9321,WALK
499,124.75,127.75,WALK,0.9356,WALK
500,125.00,128.00,WALK,0.9117,WALK
501,125.25,128.25,WALK,0.9484,WALK
502,125.50,128.50,WALK,0.9571,WALK
503,125.75,128.75,WALK,0.8612,WALK
504,126.00,129.00,WALK,0.6802,WALK
505,126.25,129.25,STOP,0.7206,WALK
506,126.50,129.50,STOP,0.8788,WALK
507,126.75,129.75,STOP,0.7864,WALK
508,127.00,130.00,WALK,0.5880,WALK
509,127.25,130.25,WALK,0.9433,WALK
510,127.50,130.50,WALK,0.8896,WALK
511,127.75,130.75,WALK,0.7984,WALK
512,128.00,131.00,STOP,0.6553,WALK
513,128.25,131.25,STOP,0.8853,WALK
514,128.50,131.50,STOP,0.9085,WALK
515,128.75,131.75,STOP,0.9044,WALK
516,129.00,132.00,STOP,0.8937,WALK
517,129.25,132.25,STOP,0.9058,WALK
518,129.50,132.50,STOP,0.8702,WALK
519,129.75,132.75,STOP,0.9420,WALK
520,130.00,133.00,STOP,0.9571,WALK
521,130.25,133.25,STOP,0.9680,WALK
522,130.50,133.50,STOP,0.9668,WALK
523,130.75,133.75,STOP,0.9738,WALK
524,131.00,134.00,STOP,0.8987,WALK
525,131.25,134.25,STOP,0.9029,WALK
526,131.50,134.50,STOP,0.9158,WALK
527,131.75,134.75,STOP,0.9391,WALK
528,132.00,135.00,STOP,0.9342,WALK
529,132.25,135.25,STOP,0.9083,WALK
530,132.50,135.50,STOP,0.8759,WALK
531,132.75,135.75,STOP,0.9313,WALK
532,133.00,136.00,STOP,0.5324,WALK
533,133.25,136.25,STOP,0.5203,STOP
534,133.50,136.50,STOP,0.6486,STOP
535,133.75,136.75,STOP,0.5582,STOP
536,134.00,137.00,WALK,0.5582,STOP
537,134.25,137.25,WALK,0.5414,STOP
538,134.50,137.50,WALK,0.7055,STOP
539,134.75,137.75,WALK,0.8942,STOP
540,135.00,138.00,WALK,0.8906,STOP
541,135.25,138.25,WALK,0.8814,STOP
542,135.50,138.50,WALK,0.9047,STOP
543,135.75,138.75,STOP,0.5270,STOP
544,136.00,139.00,STOP,0.7585,STOP
545,136.25,139.25,STOP,0.7767,STOP
546,136.50,139.50,STOP,0.7866,STOP
547,136.75,139.75,STOP,0.9549,STOP
548,137.00,140.00,STOP,0.9716,STOP
549,137.25,140.25,STOP,0.9785,STOP
550,137.50,140.50,STOP,0.9787,STOP
551,137.75,140.75,STOP,0.9820,STOP
552,138.00,141.00,STOP,0.9875,STOP
553,138.25,141.25,STOP,0.9857,STOP
554,138.50,141.50,STOP,0.9872,STOP
555,138.75,141.75,STOP,0.9713,STOP
556,139.00,142.00,STOP,0.9623,STOP
557,139.25,142.25,STOP,0.9721,STOP
558,139.50,142.50,STOP,0.9483,STOP
559,139.75,142.75,STOP,0.9496,STOP
560,140.00,143.00,STOP,0.9802,STOP
561,140.25,143.25,STOP,0.9441,STOP
562,140.50,143.50,STOP,0.9192,STOP
563,140.75,143.75,STOP,0.8293,STOP
564,141.00,144.00,STOP,0.8261,STOP
565,141.25,144.25,STOP,0.8839,STOP
566,141.50,144.50,STOP,0.8852,STOP
567,141.75,144.75,STOP,0.8125,STOP
568,142.00,145.00,STOP,0.7779,STOP
569,142.25,145.25,STOP,0.7396,STOP
570,142.50,145.50,STOP,0.7334,STOP
571,142.75,145.75,STOP,0.7543,STOP
572,143.00,146.00,STOP,0.8782,STOP
573,143.25,146.25,STOP,0.8479,STOP
574,143.50,146.50,STOP,0.8888,STOP
575,143.75,146.75,STOP,0.8593,STOP
576,144.00,147.00,STOP,0.7984,STOP
577,144.25,147.25,STOP,0.8545,STOP
578,144.50,147.50,STOP,0.8155,STOP
579,144.75,147.75,STOP,0.9468,STOP
580,145.00,148.00,STOP,0.8990,STOP
581,145.25,148.25,STOP,0.9084,STOP
582,145.50,148.50,STOP,0.8956,STOP
583,145.75,148.75,STOP,0.8776,STOP
584,146.00,149.00,STOP,0.8606,STOP
585,146.25,149.25,STOP,0.8538,STOP
586,146.50,149.50,STOP,0.8493,STOP
587,146.75,149.75,STOP,0.9255,STOP
588,147.00,150.00,STOP,0.9703,STOP
589,147.25,150.25,STOP,0.9720,STOP
590,147.50,150.50,STOP,0.9505,STOP
591,147.75,150.75,STOP,0.9567,STOP
592,148.00,151.00,STOP,0.9695,STOP
593,148.25,151.25,STOP,0.9599,STOP
594,148.50,151.50,STOP,0.9603,STOP
595,148.75,151.75,STOP,0.9636,STOP
596,149.00,152.00,STOP,0.9685,STOP
597,149.25,152.25,STOP,0.9215,STOP
598,149.50,152.50,STOP,0.9604,STOP
599,149.75,152.75,STOP,0.9837,STOP
600,150.00,153.00,STOP,0.9602,STOP
601,150.25,153.25,STOP,0.9003,STOP
602,150.50,153.50,STOP,0.9513,STOP
603,150.75,153.75,STOP,0.9772,STOP
604,151.00,154.00,STOP,0.9724,STOP
605,151.25,154.25,STOP,0.9432,STOP
606,151.50,154.50,STOP,0.9065,STOP
607,151.75,154.75,STOP,0.8781,STOP
608,152.00,155.00,STOP,0.8724,WALK
609,152.25,155.25,STOP,0.8570,WALK
610,152.50,155.50,STOP,0.8361,WALK
611,152.75,155.75,STOP,0.7414,WALK
612,153.00,156.00,STOP,0.8440,WALK
613,153.25,156.25,STOP,0.9366,WALK
614,153.50,156.50,STOP,0.9462,WALK
615,153.75,156.75,STOP,0.8998,WALK
616,154.00,157.00,STOP,0.7891,WALK
617,154.25,157.25,STOP,0.5950,WALK
618,154.50,157.50,WALK,0.5256,WALK
619,154.75,157.75,WALK,0.7619,WALK
620,155.00,158.00,WALK,0.8355,WALK
621,155.25,158.25,WALK,0.7908,WALK
622,155.50,158.50,WALK,0.7533,WALK
623,155.75,158.75,WALK,0.7639,WALK
624,156.00,159.00,WALK,0.7759,WALK
625,156.25,159.25,WALK,0.7359,WALK
626,156.50,159.50,WALK,0.7049,WALK
627,156.75,159.75,WALK,0.6681,WALK
628,157.00,160.00,WALK,0.6962,WALK
629,157.25,160.25,WALK,0.7329,WALK
630,157.50,160.50,WALK,0.7419,WALK
631,157.75,160.75,STOP,0.7036,WALK
632,158.00,161.00,STOP,0.7749,WALK
633,158.25,161.25,STOP,0.7827,WALK
634,158.50,161.50,STOP,0.7228,WALK
635,158.75,161.75,STOP,0.7566,WALK
636,159.00,162.00,STOP,0.6515,WALK
637,159.25,162.25,STOP,0.5061,WALK
638,159.50,162.50,STOP,0.7727,WALK
639,159.75,162.75,STOP,0.8325,WALK
640,160.00,163.00,STOP,0.8194,WALK
641,160.25,163.25,STOP,0.8878,WALK
642,160.50,163.50,STOP,0.9298,WALK
643,160.75,163.75,STOP,0.8942,WALK
644,161.00,164.00,STOP,0.8306,WALK
645,161.25,164.25,STOP,0.8174,WALK
646,161.50,164.50,STOP,0.8675,WALK
647,161.75,164.75,STOP,0.8781,WALK
648,162.00,165.00,STOP,0.8545,WALK
649,162.25,165.25,STOP,0.8260,WALK
650,162.50,165.50,STOP,0.7975,WALK
651,162.75,165.75,STOP,0.8402,WALK
652,163.00,166.00,STOP,0.9313,WALK
653,163.25,166.25,STOP,0.9543,WALK
654,163.50,166.50,STOP,0.9714,WALK
655,163.75,166.75,STOP,0.9867,WALK
656,164.00,167.00,STOP,0.9895,WALK
657,164.25,167.25,STOP,0.9859,WALK
658,164.50,167.50,STOP,0.9867,WALK
659,164.75,167.75,STOP,0.9933,WALK
660,165.00,168.00,STOP,0.9894,WALK
661,165.25,168.25,STOP,0.9885,WALK
662,165.50,168.50,STOP,0.9580,WALK
663,165.75,168.75,STOP,0.9001,WALK
664,166.00,169.00,STOP,0.6203,WALK
665,166.25,169.25,STOP,0.6188,WALK
666,166.50,169.50,WALK,0.5268,WALK
667,166.75,169.75,WALK,0.5847,WALK
668,167.00,170.00,WALK,0.7249,WALK
669,167.25,170.25,WALK,0.8632,WALK
670,167.50,170.50,WALK,0.9345,WALK
671,167.75,170.75,WALK,0.9520,WALK
672,168.00,171.00,WALK,0.9330,WALK
673,168.25,171.25,WALK,0.9932,WALK
674,168.50,171.50,WALK,0.9822,WALK
675,168.75,171.75,WALK,0.9954,WALK
676,169.00,172.00,WALK,0.9356,WALK
677,169.25,172.25,WALK,0.9446,WALK
678,169.50,172.50,WALK,0.9452,WALK
679,169.75,172.75,WALK,0.9745,STOP
680,170.00,173.00,WALK,0.9853,STOP
681,170.25,173.25,WALK,0.9811,STOP
682,170.50,173.50,WALK,0.9638,STOP
683,170.75,173.75,WALK,0.9341,STOP
684,171.00,174.00,WALK,0.7894,STOP
685,171.25,174.25,WALK,0.7028,STOP
686,171.50,174.50,WALK,0.6004,STOP
687,171.75,174.75,WALK,0.7459,STOP
688,172.00,175.00,STOP,0.5248,STOP
689,172.25,175.25,STOP,0.7728,STOP
690,172.50,175.50,STOP,0.9200,STOP
691,172.75,175.75,STOP,0.8927,STOP
692,173.00,176.00,STOP,0.9521,STOP
693,173.25,176.25,STOP,0.8944,STOP
694,173.50,176.50,STOP,0.9066,STOP
695,173.75,176.75,STOP,0.9309,STOP
696,174.00,177.00,STOP,0.9346,STOP
697,174.25,177.25,STOP,0.9158,STOP
698,174.50,177.50,STOP,0.8400,STOP
699,174.75,177.75,STOP,0.8491,STOP
700,175.00,178.00,STOP,0.7698,STOP
701,175.25,178.25,STOP,0.5205,STOP
702,175.50,178.50,STOP,0.6004,STOP
703,175.75,178.75,STOP,0.8232,STOP
704,176.00,179.00,STOP,0.9839,STOP
705,176.25,179.25,STOP,0.9969,STOP
706,176.50,179.50,STOP,0.9930,STOP
707,176.75,179.75,STOP,0.9228,STOP
708,177.00,180.00,STOP,0.5958,STOP
709,177.25,180.25,STOP,0.8365,STOP
710,177.50,180.50,STOP,0.9839,STOP
711,177.75,180.75,STOP,0.9990,STOP
712,178.00,181.00,STOP,0.9999,STOP
713,178.25,181.25,STOP,1.0000,STOP
714,178.50,181.50,STOP,1.0000,STOP
715,178.75,181.75,STOP,1.0000,STOP
716,179.00,182.00,STOP,0.9986,STOP
717,179.25,182.25,STOP,0.9494,STOP
718,179.50,182.50,STOP,0.6486,STOP
719,179.75,182.75,STOP,0.7394,STOP
720,180.00,183.00,STOP,0.9784,STOP
721,180.25,183.25,STOP,0.9917,STOP
722,180.50,183.50,STOP,0.9877,STOP
723,180.75,183.75,STOP,0.9800,STOP
724,181.00,184.00,STOP,0.9779,STOP
725,181.25,184.25,STOP,0.9802,STOP
726,181.50,184.50,STOP,0.9790,STOP
727,181.75,184.75,STOP,0.9615,STOP
728,182.00,185.00,STOP,0.9066,STOP
729,182.25,185.25,STOP,0.8347,STOP
730,182.50,185.50,STOP,0.8180,STOP
731,182.75,185.75,STOP,0.8190,STOP
732,183.00,186.00,STOP,0.8112,STOP
733,183.25,186.25,STOP,0.8396,STOP
734,183.50,186.50,STOP,0.8609,STOP
735,183.75,186.75,STOP,0.6077,STOP
736,184.00,187.00,STOP,0.5013,STOP
737,184.25,187.25,STOP,0.6273,STOP
738,184.50,187.50,STOP,0.6214,STOP
739,184.75,187.75,WALK,0.5566,STOP
740,185.00,188.00,WALK,0.7126,STOP
741,185.25,188.25,WALK,0.8041,STOP
742,185.50,188.50,WALK,0.8750,STOP
743,185.75,188.75,WALK,0.9014,STOP
744,186.00,189.00,WALK,0.7572,STOP
745,186.25,189.25,STOP,0.7504,STOP
746,186.50,189.50,STOP,0.8842,STOP
747,186.75,189.75,STOP,0.9027,STOP
748,187.00,190.00,STOP,0.9223,STOP
749,187.25,190.25,STOP,0.8817,STOP
750,187.50,190.50,STOP,0.9391,STOP
751,187.75,190.75,STOP,0.9360,STOP
752,188.00,191.00,STOP,0.8835,STOP
753,188.25,191.25,STOP,0.8711,STOP
754,188.50,191.50,STOP,0.7549,WALK
755,188.75,191.75,STOP,0.6743,WALK
756,189.00,192.00,WALK,0.6462,WALK
757,189.25,192.25,WALK,0.7562,WALK
758,189.50,192.50,WALK,0.6358,WALK
759,189.75,192.75,WALK,0.6381,WALK
760,190.00,193.00,WALK,0.6939,WALK
761,190.25,193.25,WALK,0.9167,WALK
762,190.50,193.50,WALK,0.9489,WALK
763,190.75,193.75,WALK,0.9562,WALK
764,191.00,194.00,WALK,0.9819,WALK
765,191.25,194.25,WALK,0.9620,WALK
766,191.50,194.50,WALK,0.8997,WALK
767,191.75,194.75,WALK,0.5303,WALK
768,192.00,195.00,WALK,0.5977,WALK
769,192.25,195.25,WALK,0.7983,WALK
770,192.50,195.50,WALK,0.9831,WALK
771,192.75,195.75,WALK,0.9874,WALK
772,193.00,196.00,WALK,0.9617,WALK
773,193.25,196.25,WALK,0.8549,WALK
774,193.50,196.50,WALK,0.6005,WALK
775,193.75,196.75,WALK,0.6700,WALK
776,194.00,197.00,WALK,0.6359,WALK
777,194.25,197.25,WALK,0.6006,WALK
778,194.50,197.50,WALK,0.5253,WALK
779,194.75,197.75,STOP,0.7694,WALK
780,195.00,198.00,STOP,0.7683,WALK
781,195.25,198.25,STOP,0.7042,WALK
782,195.50,198.50,STOP,0.9019,WALK
783,195.75,198.75,STOP,0.8539,WALK
784,196.00,199.00,STOP,0.8455,WALK
785,196.25,199.25,STOP,0.8818,WALK
786,196.50,199.50,STOP,0.9314,WALK
787,196.75,199.75,STOP,0.7951,WALK
788,197.00,200.00,STOP,0.8538,WALK
789,197.25,200.25,STOP,0.8858,WALK
790,197.50,200.50,STOP,0.8875,WALK
791,197.75,200.75,STOP,0.8340,WALK
792,198.00,201.00,STOP,0.7300,WALK
793,198.25,201.25,STOP,0.6627,WALK
794,198.50,201.50,WALK,0.5950,WALK
795,198.75,201.75,WALK,0.9178,WALK
796,199.00,202.00,WALK,0.9473,WALK
797,199.25,202.25,STOP,0.6042,WALK
798,199.50,202.50,STOP,0.6870,WALK
799,199.75,202.75,STOP,0.7047,WALK
800,200.00,203.00,WALK,0.5290,WALK
801,200.25,203.25,WALK,0.7969,WALK
802,200.50,203.50,WALK,0.9287,WALK
803,200.75,203.75,WALK,0.9349,WALK
804,201.00,204.00,WALK,0.9539,WALK
805,201.25,204.25,WALK,0.9537,WALK
806,201.50,204.50,WALK,0.9405,WALK
807,201.75,204.75,WALK,0.8816,WALK
808,202.00,205.00,WALK,0.7994,WALK
809,202.25,205.25,WALK,0.8411,WALK
810,202.50,205.50,WALK,0.9770,WALK
811,202.75,205.75,WALK,0.8465,WALK
812,203.00,206.00,WALK,0.5057,WALK
813,203.25,206.25,WALK,0.5321,WALK
814,203.50,206.50,WALK,0.8020,WALK
815,203.75,206.75,WALK,0.7429,WALK
816,204.00,207.00,WALK,0.7964,WALK
817,204.25,207.25,WALK,0.8301,WALK
818,204.50,207.50,WALK,0.8970,WALK
819,204.75,207.75,WALK,0.9225,WALK
820,205.00,208.00,WALK,0.8778,WALK
821,205.25,208.25,WALK,0.8482,WALK
822,205.50,208.50,WALK,0.8533,WALK
823,205.75,208.75,WALK,0.7334,WALK
824,206.00,209.00,WALK,0.5352,WALK
825,206.25,209.25,WALK,0.5529,STOP
826,206.50,209.50,STOP,0.5354,STOP
827,206.75,209.75,STOP,0.5597,STOP
828,207.00,210.00,STOP,0.7558,STOP
829,207.25,210.25,STOP,0.7174,STOP
830,207.50,210.50,STOP,0.5796,STOP
831,207.75,210.75,STOP,0.7030,STOP
832,208.00,211.00,STOP,0.7747,STOP
833,208.25,211.25,STOP,0.7832,STOP
834,208.50,211.50,STOP,0.7420,STOP
835,208.75,211.75,STOP,0.6860,STOP
836,209.00,212.00,STOP,0.6557,STOP
837,209.25,212.25,STOP,0.5287,STOP
838,209.50,212.50,STOP,0.6045,STOP
839,209.75,212.75,STOP,0.5820,STOP
840,210.00,213.00,STOP,0.8758,STOP
841,210.25,213.25,STOP,0.9457,STOP
842,210.50,213.50,STOP,0.9763,STOP
843,210.75,213.75,STOP,0.9742,STOP
844,211.00,214.00,STOP,0.9752,STOP
845,211.25,214.25,STOP,0.9682,STOP
846,211.50,214.50,STOP,0.9584,STOP
847,211.75,214.75,STOP,0.9552,STOP
848,212.00,215.00,STOP,0.9641,STOP
849,212.25,215.25,STOP,0.9292,STOP
850,212.50,215.50,STOP,0.9334,STOP
851,212.75,215.75,STOP,0.9390,STOP
852,213.00,216.00,STOP,0.7947,STOP
853,213.25,216.25,STOP,0.8163,STOP
854,213.50,216.50,STOP,0.5872,STOP
855,213.75,216.75,STOP,0.6112,STOP
856,214.00,217.00,STOP,0.6120,STOP
857,214.25,217.25,STOP,0.6847,STOP
858,214.50,217.50,STOP,0.8828,STOP
859,214.75,217.75,STOP,0.8538,STOP
860,215.00,218.00,STOP,0.7508,STOP
861,215.25,218.25,STOP,0.7362,STOP
862,215.50,218.50,STOP,0.7460,STOP
863,215.75,218.75,STOP,0.7913,STOP
864,216.00,219.00,STOP,0.8724,STOP
865,216.25,219.25,STOP,0.8387,STOP
866,216.50,219.50,STOP,0.8483,STOP
867,216.75,219.75,STOP,0.8887,STOP
868,217.00,220.00,STOP,0.9197,STOP
869,217.25,220.25,STOP,0.9333,STOP
870,217.50,220.50,STOP,0.9439,STOP
871,217.75,220.75,STOP,0.9466,STOP
872,218.00,221.00,STOP,0.9524,STOP
873,218.25,221.25,STOP,0.9458,STOP
874,218.50,221.50,STOP,0.9486,STOP
875,218.75,221.75,STOP,0.9518,STOP
876,219.00,222.00,STOP,0.9517,STOP
877,219.25,222.25,STOP,0.9400,STOP
878,219.50,222.50,STOP,0.9360,STOP
879,219.75,222.75,STOP,0.9311,STOP
880,220.00,223.00,STOP,0.9380,WALK
881,220.25,223.25,STOP,0.9724,WALK
882,220.50,223.50,STOP,0.9470,WALK
883,220.75,223.75,STOP,0.8434,WALK
884,221.00,224.00,STOP,0.5529,WALK
885,221.25,224.25,STOP,0.5698,WALK
886,221.50,224.50,WALK,0.5703,WALK
887,221.75,224.75,WALK,0.6283,WALK
888,222.00,225.00,WALK,0.8627,WALK
889,222.25,225.25,WALK,0.9395,WALK
890,222.50,225.50,WALK,0.9379,WALK
891,222.75,225.75,WALK,0.9657,WALK
892,223.00,226.00,WALK,0.9588,WALK
893,223.25,226.25,WALK,0.9658,WALK
894,223.50,226.50,WALK,0.9311,WALK
895,223.75,226.75,WALK,0.9076,WALK
896,224.00,227.00,WALK,0.9003,WALK
897,224.25,227.25,WALK,0.9839,WALK
898,224.50,227.50,WALK,0.9594,WALK
899,224.75,227.75,WALK,0.9607,WALK
900,225.00,228.00,WALK,0.7825,WALK
901,225.25,228.25,WALK,0.7174,WALK
902,225.50,228.50,WALK,0.8627,WALK
903,225.75,228.75,WALK,0.9563,WALK
904,226.00,229.00,WALK,0.9711,WALK
905,226.25,229.25,WALK,0.9153,WALK
906,226.50,229.50,WALK,0.9374,WALK
907,226.75,229.75,WALK,0.9009,WALK
908,227.00,230.00,WALK,0.8981,WALK
909,227.25,230.25,WALK,0.9114,WALK
910,227.50,230.50,WALK,0.9431,WALK
911,227.75,230.75,WALK,0.9163,WALK
912,228.00,231.00,WALK,0.9449,WALK
913,228.25,231.25,WALK,0.9292,WALK
914,228.50,231.50,WALK,0.9317,WALK
915,228.75,231.75,WALK,0.9076,WALK
916,229.00,232.00,WALK,0.8804,WALK
917,229.25,232.25,WALK,0.8058,WALK
918,229.50,232.50,WALK,0.6538,WALK
919,229.75,232.75,WALK,0.6657,WALK
920,230.00,233.00,WALK,0.5814,WALK
921,230.25,233.25,WALK,0.8569,WALK
922,230.50,233.50,WALK,0.9464,WALK
923,230.75,233.75,WALK,0.8620,WALK
924,231.00,234.00,STOP,0.5709,WALK
925,231.25,234.25,STOP,0.7267,WALK
926,231.50,234.50,STOP,0.8825,WALK
927,231.75,234.75,STOP,0.8504,WALK
928,232.00,235.00,STOP,0.8722,WALK
929,232.25,235.25,STOP,0.6838,WALK
930,232.50,235.50,STOP,0.8690,WALK
931,232.75,235.75,STOP,0.9467,STOP
932,233.00,236.00,STOP,0.9382,STOP
933,233.25,236.25,STOP,0.9366,STOP
934,233.50,236.50,STOP,0.9069,STOP
935,233.75,236.75,STOP,0.9051,STOP
936,234.00,237.00,STOP,0.8523,STOP
937,234.25,237.25,STOP,0.7030,STOP
938,234.50,237.50,STOP,0.5259,STOP
939,234.75,237.75,STOP,0.5880,STOP
940,235.00,238.00,STOP,0.5228,STOP
941,235.25,238.25,STOP,0.5165,STOP
942,235.50,238.50,STOP,0.5047,STOP
943,235.75,238.75,STOP,0.5075,STOP
944,236.00,239.00,STOP,0.5567,STOP
945,236.25,239.25,STOP,0.5158,STOP
946,236.50,239.50,STOP,0.8944,STOP
947,236.75,239.75,STOP,0.9615,STOP
948,237.00,240.00,STOP,0.9810,STOP
949,237.25,240.25,STOP,0.9829,STOP
950,237.50,240.50,STOP,0.9895,STOP
951,237.75,240.75,STOP,0.9810,STOP
952,238.00,241.00,STOP,0.9612,STOP
953,238.25,241.25,STOP,0.8948,STOP
954,238.50,241.50,STOP,0.9548,STOP
955,238.75,241.75,STOP,0.9617,STOP
956,239.00,242.00,STOP,0.9201,STOP
957,239.25,242.25,STOP,0.7467,STOP
958,239.50,242.50,WALK,0.6501,STOP
959,239.75,242.75,WALK,0.8945,STOP
960,240.00,243.00,WALK,0.8042,STOP
961,240.25,243.25,WALK,0.5406,STOP
962,240.50,243.50,STOP,0.7657,STOP
963,240.75,243.75,STOP,0.9145,STOP
964,241.00,244.00,STOP,0.9521,STOP
965,241.25,244.25,STOP,0.9078,STOP
966,241.50,244.50,STOP,0.5187,STOP
967,241.75,244.75,WALK,0.9352,STOP
968,242.00,245.00,WALK,0.8195,STOP
969,242.25,245.25,WALK,0.5960,STOP
970,242.50,245.50,STOP,0.8492,STOP
971,242.75,245.75,STOP,0.9208,STOP
972,243.00,246.00,STOP,0.8968,STOP
973,243.25,246.25,STOP,0.8928,STOP
974,243.50,246.50,STOP,0.8999,STOP
975,243.75,246.75,STOP,0.9131,STOP
976,244.00,247.00,STOP,0.8739,STOP
977,244.25,247.25,STOP,0.8560,STOP
978,244.50,247.50,STOP,0.7413,STOP
979,244.75,247.75,STOP,0.7036,STOP
