window_index,start_time,end_time,ground_truth_label,raw_predicted_label,raw_confidence,raw_z_distance,raw_classifier_prediction,smoothed_predicted_label
0,0.00,3.00,STOP,WALK,0.5919,2.162,WALK,WALK
1,0.25,3.25,STOP,WALK,0.6499,1.376,WALK,WALK
2,0.50,3.50,STOP,STOP,0.6456,0.793,STOP,STOP
3,0.75,3.75,STOP,STOP,0.9432,0.539,STOP,STOP
4,1.00,4.00,STOP,STOP,0.9249,0.467,STOP,STOP
5,1.25,4.25,STOP,STOP,0.9390,0.414,STOP,STOP
6,1.50,4.50,STOP,STOP,0.9322,0.285,STOP,STOP
7,1.75,4.75,STOP,STOP,0.9299,0.375,STOP,STOP
8,2.00,5.00,STOP,STOP,0.9463,0.601,STOP,STOP
9,2.25,5.25,STOP,STOP,0.9717,0.731,STOP,STOP
10,2.50,5.50,STOP,STOP,0.9628,0.654,STOP,STOP
11,2.75,5.75,STOP,STOP,0.9454,0.577,STOP,STOP
12,3.00,6.00,STOP,STOP,0.9481,0.603,STOP,STOP
13,3.25,6.25,STOP,STOP,0.9632,0.715,STOP,STOP
14,3.50,6.50,STOP,STOP,0.9421,0.780,STOP,STOP
15,3.75,6.75,STOP,STOP,0.9260,0.833,STOP,STOP
16,4.00,7.00,STOP,STOP,0.9557,0.869,STOP,STOP
17,4.25,7.25,STOP,STOP,0.9612,0.771,STOP,STOP
18,4.50,7.50,STOP,STOP,0.9754,0.683,STOP,STOP
19,4.75,7.75,STOP,STOP,0.9779,0.619,STOP,STOP
20,5.00,8.00,STOP,STOP,0.9741,0.593,STOP,STOP
21,5.25,8.25,STOP,STOP,0.9574,0.584,STOP,STOP
22,5.50,8.50,STOP,STOP,0.9442,0.588,STOP,STOP
23,5.75,8.75,STOP,STOP,0.9435,0.591,STOP,STOP
24,6.00,9.00,STOP,STOP,0.9631,0.681,STOP,STOP
25,6.25,9.25,STOP,STOP,0.9566,0.814,STOP,STOP
26,6.50,9.50,STOP,STOP,0.9598,0.977,STOP,STOP
27,6.75,9.75,STOP,STOP,0.9887,1.152,STOP,STOP
28,7.00,10.00,STOP,STOP,0.9922,1.133,STOP,STOP
29,7.25,10.25,STOP,STOP,0.9891,1.029,STOP,STOP
30,7.50,10.50,STOP,STOP,0.9897,0.942,STOP,STOP
31,7.75,10.75,STOP,STOP,0.9898,0.878,STOP,STOP
32,8.00,11.00,STOP,STOP,0.9858,0.819,STOP,STOP
33,8.25,11.25,STOP,STOP,0.9874,0.849,STOP,STOP
34,8.50,11.50,STOP,STOP,0.9799,0.855,STOP,STOP
35,8.75,11.75,STOP,STOP,0.9769,0.874,STOP,STOP
36,9.00,12.00,STOP,STOP,0.9521,0.821,STOP,STOP
37,9.25,12.25,STOP,STOP,0.9052,0.625,STOP,STOP
38,9.50,12.50,STOP,STOP,0.8963,0.466,STOP,STOP
39,9.75,12.75,STOP,STOP,0.9304,0.544,STOP,STOP
40,10.00,13.00,STOP,STOP,0.9590,0.651,STOP,STOP
41,10.25,13.25,STOP,STOP,0.9730,0.694,STOP,STOP
42,10.50,13.50,STOP,STOP,0.9734,0.681,STOP,STOP
43,10.75,13.75,STOP,STOP,0.9292,0.647,STOP,STOP
44,11.00,14.00,STOP,STOP,0.8951,0.599,STOP,STOP
45,11.25,14.25,STOP,STOP,0.8551,0.529,STOP,STOP
46,11.50,14.50,STOP,STOP,0.9658,0.468,STOP,STOP
47,11.75,14.75,STOP,STOP,0.9866,0.734,STOP,STOP
48,12.00,15.00,STOP,STOP,0.9882,0.931,STOP,STOP
49,12.25,15.25,STOP,STOP,0.9941,1.080,STOP,STOP
50,12.50,15.50,STOP,STOP,0.9965,1.122,STOP,STOP
51,12.75,15.75,STOP,STOP,0.9831,0.903,STOP,STOP
52,13.00,16.00,STOP,STOP,0.9677,0.625,STOP,STOP
53,13.25,16.25,STOP,STOP,0.9556,0.609,STOP,STOP
54,13.50,16.50,STOP,STOP,0.9842,0.760,STOP,STOP
55,13.75,16.75,STOP,STOP,0.9919,0.826,STOP,STOP
56,14.00,17.00,STOP,STOP,0.9823,0.758,STOP,STOP
57,14.25,17.25,STOP,STOP,0.9189,0.666,STOP,STOP
58,14.50,17.50,STOP,STOP,0.7936,0.623,STOP,STOP
59,14.75,17.75,STOP,STOP,0.7968,0.716,STOP,STOP
60,15.00,18.00,STOP,STOP,0.8638,0.731,STOP,STOP
61,15.25,18.25,STOP,STOP,0.9037,0.712,STOP,STOP
62,15.50,18.50,STOP,STOP,0.9674,0.747,STOP,STOP
63,15.75,18.75,STOP,STOP,0.9880,0.800,STOP,STOP
64,16.00,19.00,STOP,STOP,0.9901,0.772,STOP,STOP
65,16.25,19.25,STOP,STOP,0.9938,0.826,STOP,STOP
66,16.50,19.50,STOP,STOP,0.9964,0.978,STOP,STOP
67,16.75,19.75,STOP,STOP,0.9970,1.100,STOP,STOP
68,17.00,20.00,STOP,STOP,0.9987,1.192,STOP,STOP
69,17.25,20.25,STOP,STOP,0.9987,1.203,STOP,STOP
70,17.50,20.50,STOP,STOP,0.9985,1.262,STOP,STOP
71,17.75,20.75,STOP,STOP,0.9979,1.267,STOP,STOP
72,18.00,21.00,STOP,STOP,0.9967,1.187,STOP,STOP
73,18.25,21.25,STOP,STOP,0.9906,1.044,STOP,STOP
74,18.50,21.50,STOP,STOP,0.9889,0.898,STOP,STOP
75,18.75,21.75,STOP,STOP,0.9869,0.802,STOP,STOP
76,19.00,22.00,STOP,STOP,0.9851,0.779,STOP,STOP
77,19.25,22.25,STOP,STOP,0.9886,0.820,STOP,STOP
78,19.50,22.50,STOP,STOP,0.9920,0.869,STOP,STOP
79,19.75,22.75,STOP,STOP,0.9923,0.802,STOP,STOP
80,20.00,23.00,STOP,STOP,0.9922,0.723,STOP,STOP
81,20.25,23.25,STOP,STOP,0.9928,0.718,STOP,STOP
82,20.50,23.50,STOP,STOP,0.9927,0.787,STOP,STOP
83,20.75,23.75,STOP,STOP,0.9851,0.752,STOP,STOP
84,21.00,24.00,STOP,STOP,0.9920,0.814,STOP,STOP
85,21.25,24.25,STOP,STOP,0.9946,0.837,STOP,STOP
86,21.50,24.50,STOP,STOP,0.9922,0.815,STOP,STOP
87,21.75,24.75,STOP,STOP,0.9879,0.825,STOP,STOP
88,22.00,25.00,STOP,STOP,0.9941,0.937,STOP,STOP
89,22.25,25.25,STOP,STOP,0.9959,1.008,STOP,STOP
90,22.50,25.50,STOP,STOP,0.9965,1.014,STOP,STOP
91,22.75,25.75,STOP,STOP,0.9903,0.900,STOP,STOP
92,23.00,26.00,STOP,STOP,0.9906,0.869,STOP,STOP
93,23.25,26.25,STOP,STOP,0.9899,0.798,STOP,STOP
94,23.50,26.50,STOP,STOP,0.9915,0.799,STOP,STOP
95,23.75,26.75,STOP,STOP,0.9902,0.810,STOP,STOP
96,24.00,27.00,STOP,STOP,0.9679,0.756,STOP,STOP
97,24.25,27.25,STOP,STOP,0.9131,0.658,STOP,STOP
98,24.50,27.50,STOP,STOP,0.8251,0.571,STOP,STOP
99,24.75,27.75,STOP,STOP,0.8718,0.566,STOP,STOP
100,25.00,28.00,STOP,STOP,0.9172,0.565,STOP,STOP
101,25.25,28.25,STOP,STOP,0.9536,0.598,STOP,STOP
102,25.50,28.50,STOP,STOP,0.9665,0.604,STOP,STOP
103,25.75,28.75,STOP,STOP,0.9744,0.594,STOP,STOP
104,26.00,29.00,STOP,STOP,0.9653,0.539,STOP,STOP
105,26.25,29.25,STOP,STOP,0.9551,0.547,STOP,STOP
106,26.50,29.50,STOP,STOP,0.9666,0.659,STOP,STOP
107,26.75,29.75,STOP,STOP,0.9750,0.852,STOP,STOP
108,27.00,30.00,STOP,STOP,0.9818,0.991,STOP,STOP
109,27.25,30.25,STOP,STOP,0.9864,0.975,STOP,STOP
110,27.50,30.50,STOP,STOP,0.9934,1.013,STOP,STOP
111,27.75,30.75,STOP,STOP,0.9959,1.059,STOP,STOP
112,28.00,31.00,STOP,STOP,0.9927,0.990,STOP,STOP
113,28.25,31.25,STOP,STOP,0.9942,1.033,STOP,STOP
114,28.50,31.50,STOP,STOP,0.9938,1.019,STOP,STOP
115,28.75,31.75,STOP,STOP,0.9786,0.807,STOP,STOP
116,29.00,32.00,STOP,STOP,0.9175,0.672,STOP,STOP
117,29.25,32.25,STOP,STOP,0.9481,0.643,STOP,STOP
118,29.50,32.50,STOP,STOP,0.9667,0.624,STOP,STOP
119,29.75,32.75,STOP,STOP,0.9577,0.636,STOP,STOP
120,30.00,33.00,STOP,STOP,0.9516,0.655,STOP,STOP
121,30.25,33.25,STOP,STOP,0.9370,0.635,STOP,STOP
122,30.50,33.50,STOP,STOP,0.9097,0.577,STOP,STOP
123,30.75,33.75,STOP,STOP,0.8939,0.572,STOP,STOP
124,31.00,34.00,STOP,STOP,0.9624,0.735,STOP,STOP
125,31.25,34.25,STOP,STOP,0.9660,0.762,STOP,STOP
126,31.50,34.50,STOP,STOP,0.9427,0.682,STOP,STOP
127,31.75,34.75,STOP,STOP,0.9254,0.563,STOP,STOP
128,32.00,35.00,STOP,STOP,0.9573,0.563,STOP,STOP
129,32.25,35.25,STOP,STOP,0.9661,0.622,STOP,STOP
130,32.50,35.50,STOP,STOP,0.9679,0.662,STOP,STOP
131,32.75,35.75,STOP,STOP,0.9884,0.824,STOP,STOP
132,33.00,36.00,STOP,STOP,0.9967,1.002,STOP,STOP
133,33.25,36.25,STOP,STOP,0.9959,1.010,STOP,STOP
134,33.50,36.50,STOP,STOP,0.9979,1.118,STOP,STOP
135,33.75,36.75,STOP,STOP,0.9982,1.159,STOP,STOP
136,34.00,37.00,STOP,STOP,0.9975,1.137,STOP,STOP
137,34.25,37.25,STOP,STOP,0.9971,1.150,STOP,STOP
138,34.50,37.50,STOP,STOP,0.9976,1.208,STOP,STOP
139,34.75,37.75,STOP,STOP,0.9983,1.280,STOP,STOP
140,35.00,38.00,STOP,STOP,0.9980,1.261,STOP,STOP
141,35.25,38.25,STOP,STOP,0.9972,1.212,STOP,STOP
142,35.50,38.50,STOP,STOP,0.9908,1.081,STOP,STOP
143,35.75,38.75,STOP,STOP,0.9648,0.875,STOP,STOP
144,36.00,39.00,STOP,STOP,0.9760,0.829,STOP,STOP
145,36.25,39.25,STOP,STOP,0.9746,0.760,STOP,STOP
146,36.50,39.50,STOP,STOP,0.9537,0.610,STOP,STOP
147,36.75,39.75,STOP,STOP,0.9588,0.560,STOP,STOP
148,37.00,40.00,STOP,STOP,0.9543,0.500,STOP,STOP
149,37.25,40.25,STOP,STOP,0.9630,0.510,STOP,STOP
150,37.50,40.50,STOP,STOP,0.9590,0.548,STOP,STOP
151,37.75,40.75,STOP,STOP,0.9376,0.661,STOP,STOP
152,38.00,41.00,STOP,STOP,0.8871,0.826,STOP,STOP
153,38.25,41.25,STOP,STOP,0.9628,0.931,STOP,STOP
154,38.50,41.50,STOP,STOP,0.8863,0.666,STOP,STOP
155,38.75,41.75,STOP,STOP,0.9587,0.585,STOP,STOP
156,39.00,42.00,STOP,STOP,0.9693,0.544,STOP,STOP
157,39.25,42.25,STOP,STOP,0.9636,0.560,STOP,STOP
158,39.50,42.50,STOP,STOP,0.9754,0.653,STOP,STOP
159,39.75,42.75,STOP,STOP,0.9619,0.638,STOP,STOP
160,40.00,43.00,STOP,STOP,0.9704,0.709,STOP,STOP
161,40.25,43.25,STOP,STOP,0.9820,0.787,STOP,STOP
162,40.50,43.50,STOP,STOP,0.9098,0.707,STOP,STOP
163,40.75,43.75,STOP,STOP,0.9664,0.720,STOP,STOP
164,41.00,44.00,STOP,STOP,0.9844,0.656,STOP,STOP
165,41.25,44.25,STOP,STOP,0.9876,0.551,STOP,STOP
166,41.50,44.50,STOP,STOP,0.9846,0.575,STOP,STOP
167,41.75,44.75,STOP,STOP,0.9711,0.581,STOP,STOP
168,42.00,45.00,STOP,STOP,0.9580,0.589,STOP,STOP
169,42.25,45.25,STOP,STOP,0.9491,0.592,STOP,STOP
170,42.50,45.50,STOP,STOP,0.9319,0.573,STOP,STOP
171,42.75,45.75,STOP,STOP,0.9429,0.695,STOP,STOP
172,43.00,46.00,STOP,STOP,0.9638,0.833,STOP,STOP
173,43.25,46.25,STOP,STOP,0.9708,0.820,STOP,STOP
174,43.50,46.50,STOP,STOP,0.9446,0.583,STOP,STOP
175,43.75,46.75,STOP,STOP,0.9832,0.574,STOP,STOP
176,44.00,47.00,STOP,STOP,0.9876,0.538,STOP,STOP
177,44.25,47.25,STOP,STOP,0.9835,0.501,STOP,STOP
178,44.50,47.50,STOP,STOP,0.9695,0.523,STOP,STOP
179,44.75,47.75,STOP,STOP,0.9838,0.543,STOP,STOP
180,45.00,48.00,STOP,STOP,0.9839,0.528,STOP,STOP
181,45.25,48.25,STOP,STOP,0.9783,0.540,STOP,STOP
182,45.50,48.50,STOP,STOP,0.9710,0.623,STOP,STOP
183,45.75,48.75,STOP,STOP,0.9489,0.727,STOP,STOP
184,46.00,49.00,STOP,STOP,0.9739,0.719,STOP,STOP
185,46.25,49.25,STOP,STOP,0.9774,0.548,STOP,STOP
186,46.50,49.50,STOP,STOP,0.9857,0.487,STOP,STOP
187,46.75,49.75,STOP,STOP,0.9785,0.400,STOP,STOP
188,47.00,50.00,STOP,STOP,0.9730,0.377,STOP,STOP
189,47.25,50.25,STOP,STOP,0.9758,0.388,STOP,STOP
190,47.50,50.50,STOP,STOP,0.9753,0.349,STOP,STOP
191,47.75,50.75,STOP,STOP,0.9680,0.329,STOP,STOP
192,48.00,51.00,STOP,STOP,0.9612,0.494,STOP,STOP
193,48.25,51.25,STOP,STOP,0.9812,0.726,STOP,STOP
194,48.50,51.50,STOP,STOP,0.9935,0.854,STOP,STOP
195,48.75,51.75,STOP,STOP,0.9961,0.878,STOP,STOP
196,49.00,52.00,STOP,STOP,0.9974,0.877,STOP,STOP
197,49.25,52.25,STOP,STOP,0.9945,0.787,STOP,STOP
198,49.50,52.50,STOP,STOP,0.9864,0.709,STOP,STOP
199,49.75,52.75,STOP,STOP,0.9907,0.794,STOP,STOP
200,50.00,53.00,STOP,STOP,0.9911,0.841,STOP,STOP
201,50.25,53.25,STOP,STOP,0.9845,0.829,STOP,STOP
202,50.50,53.50,STOP,STOP,0.9736,0.816,STOP,STOP
203,50.75,53.75,STOP,STOP,0.9359,0.736,STOP,STOP
204,51.00,54.00,STOP,STOP,0.9212,0.602,STOP,STOP
205,51.25,54.25,STOP,STOP,0.9269,0.562,STOP,STOP
206,51.50,54.50,STOP,STOP,0.8880,0.479,STOP,STOP
207,51.75,54.75,STOP,STOP,0.8753,0.496,STOP,STOP
208,52.00,55.00,STOP,STOP,0.8588,0.486,STOP,STOP
209,52.25,55.25,STOP,STOP,0.9093,0.599,STOP,STOP
210,52.50,55.50,STOP,STOP,0.9166,0.721,STOP,STOP
211,52.75,55.75,STOP,STOP,0.9063,0.853,STOP,STOP
212,53.00,56.00,STOP,STOP,0.9716,1.051,STOP,STOP
213,53.25,56.25,STOP,STOP,0.9866,1.141,STOP,STOP
214,53.50,56.50,STOP,STOP,0.9756,1.010,STOP,STOP
215,53.75,56.75,STOP,STOP,0.9501,0.832,STOP,STOP
216,54.00,57.00,STOP,STOP,0.9779,0.808,STOP,STOP
217,54.25,57.25,STOP,STOP,0.9817,0.755,STOP,STOP
218,54.50,57.50,STOP,STOP,0.9913,0.776,STOP,STOP
219,54.75,57.75,STOP,STOP,0.9855,0.737,STOP,STOP
220,55.00,58.00,STOP,STOP,0.9784,0.720,STOP,STOP
221,55.25,58.25,STOP,STOP,0.9796,0.743,STOP,STOP
222,55.50,58.50,STOP,STOP,0.9822,0.799,STOP,STOP
223,55.75,58.75,STOP,STOP,0.9877,0.914,STOP,STOP
224,56.00,59.00,STOP,STOP,0.9863,1.007,STOP,STOP
225,56.25,59.25,STOP,STOP,0.9949,1.135,STOP,STOP
226,56.50,59.50,STOP,STOP,0.9979,1.300,STOP,STOP
227,56.75,59.75,STOP,STOP,0.9986,1.349,STOP,STOP
228,57.00,60.00,STOP,STOP,0.9984,1.330,STOP,STOP
229,57.25,60.25,STOP,STOP,0.9946,1.191,STOP,STOP
230,57.50,60.50,WALK,STOP,0.9843,1.055,STOP,STOP
231,57.75,60.75,WALK,STOP,0.8170,0.739,STOP,STOP
232,58.00,61.00,WALK,STOP,0.6174,0.601,STOP,STOP
233,58.25,61.25,WALK,STOP,0.8314,0.709,STOP,STOP
234,58.50,61.50,WALK,STOP,0.7619,0.840,STOP,STOP
235,58.75,61.75,WALK,STOP,0.6609,0.831,STOP,STOP
236,59.00,62.00,WALK,STOP,0.5179,0.712,STOP,STOP
237,59.25,62.25,WALK,WALK,0.7059,0.642,WALK,WALK
238,59.50,62.50,WALK,WALK,0.7478,0.653,WALK,WALK
239,59.75,62.75,WALK,WALK,0.6001,0.619,WALK,WALK
240,60.00,63.00,WALK,WALK,0.7124,0.561,WALK,WALK
241,60.25,63.25,WALK,WALK,0.8041,0.675,WALK,WALK
242,60.50,63.50,WALK,WALK,0.7084,0.930,WALK,WALK
243,60.75,63.75,WALK,STOP,0.6182,1.121,STOP,WALK
244,61.00,64.00,WALK,STOP,0.6208,1.133,STOP,WALK
245,61.25,64.25,WALK,WALK,0.8537,0.963,WALK,WALK
246,61.50,64.50,WALK,WALK,0.8236,0.566,WALK,WALK
247,61.75,64.75,WALK,WALK,0.8283,0.375,WALK,WALK
248,62.00,65.00,WALK,WALK,0.7137,0.323,WALK,WALK
249,62.25,65.25,WALK,WALK,0.8494,0.458,WALK,WALK
250,62.50,65.50,WALK,WALK,0.8059,0.496,WALK,WALK
251,62.75,65.75,WALK,WALK,0.8271,0.489,WALK,WALK
252,63.00,66.00,WALK,WALK,0.9519,0.641,WALK,WALK
253,63.25,66.25,WALK,WALK,0.9746,0.740,WALK,WALK
254,63.50,66.50,WALK,WALK,0.9845,0.847,WALK,WALK
255,63.75,66.75,WALK,WALK,0.9933,0.986,WALK,WALK
256,64.00,67.00,WALK,WALK,0.9848,0.999,WALK,WALK
257,64.25,67.25,WALK,WALK,0.9800,0.967,WALK,WALK
258,64.50,67.50,WALK,WALK,0.9752,0.942,WALK,WALK
259,64.75,67.75,WALK,WALK,0.9702,0.875,WALK,WALK
260,65.00,68.00,WALK,WALK,0.9664,0.915,WALK,WALK
261,65.25,68.25,WALK,WALK,0.9782,0.954,WALK,WALK
262,65.50,68.50,WALK,WALK,0.9881,0.983,WALK,WALK
263,65.75,68.75,WALK,WALK,0.9907,0.991,WALK,WALK
264,66.00,69.00,WALK,WALK,0.9925,0.870,WALK,WALK
265,66.25,69.25,WALK,WALK,0.9937,0.888,WALK,WALK
266,66.50,69.50,WALK,WALK,0.9949,0.939,WALK,WALK
267,66.75,69.75,WALK,WALK,0.9891,1.159,WALK,WALK
268,67.00,70.00,WALK,WALK,0.9069,1.370,WALK,WALK
269,67.25,70.25,WALK,WALK,0.8368,1.341,WALK,WALK
270,67.50,70.50,WALK,WALK,0.7155,1.244,WALK,WALK
271,67.75,70.75,WALK,WALK,0.8337,1.264,WALK,WALK
272,68.00,71.00,WALK,WALK,0.9384,1.306,WALK,WALK
273,68.25,71.25,WALK,WALK,0.9138,1.173,WALK,WALK
274,68.50,71.50,WALK,WALK,0.8620,0.920,WALK,WALK
275,68.75,71.75,WALK,WALK,0.7419,0.492,WALK,WALK
276,69.00,72.00,WALK,WALK,0.7784,0.369,WALK,WALK
277,69.25,72.25,WALK,STOP,0.7073,0.683,STOP,STOP
278,69.50,72.50,WALK,STOP,0.8508,0.785,STOP,STOP
279,69.75,72.75,WALK,STOP,0.7485,0.614,STOP,STOP
280,70.00,73.00,WALK,STOP,0.7434,0.426,STOP,STOP
281,70.25,73.25,STOP,STOP,0.6616,0.318,STOP,STOP
282,70.50,73.50,STOP,STOP,0.8285,0.347,STOP,STOP
283,70.75,73.75,STOP,STOP,0.8019,0.497,STOP,STOP
284,71.00,74.00,STOP,STOP,0.8906,0.516,STOP,STOP
285,71.25,74.25,STOP,STOP,0.8256,0.529,STOP,STOP
286,71.50,74.50,STOP,STOP,0.7631,0.451,STOP,STOP
287,71.75,74.75,STOP,STOP,0.6876,0.351,STOP,STOP
288,72.00,75.00,STOP,WALK,0.5677,0.419,WALK,STOP
289,72.25,75.25,STOP,STOP,0.9057,0.470,STOP,STOP
290,72.50,75.50,STOP,STOP,0.9226,0.625,STOP,STOP
291,72.75,75.75,STOP,STOP,0.9278,0.692,STOP,STOP
292,73.00,76.00,STOP,STOP,0.9261,0.715,STOP,STOP
293,73.25,76.25,STOP,STOP,0.9446,0.729,STOP,STOP
294,73.50,76.50,STOP,STOP,0.9537,0.732,STOP,STOP
295,73.75,76.75,STOP,STOP,0.9665,0.761,STOP,STOP
296,74.00,77.00,STOP,STOP,0.9778,0.837,STOP,STOP
297,74.25,77.25,STOP,STOP,0.9849,0.960,STOP,STOP
298,74.50,77.50,STOP,STOP,0.9560,0.795,STOP,STOP
299,74.75,77.75,STOP,STOP,0.9580,0.802,STOP,STOP
300,75.00,78.00,STOP,STOP,0.9620,0.829,STOP,STOP
301,75.25,78.25,STOP,STOP,0.9788,0.924,STOP,STOP
302,75.50,78.50,STOP,STOP,0.9791,0.939,STOP,STOP
303,75.75,78.75,STOP,STOP,0.9845,0.981,STOP,STOP
304,76.00,79.00,STOP,STOP,0.9869,0.982,STOP,STOP
305,76.25,79.25,STOP,STOP,0.9779,0.874,STOP,STOP
306,76.50,79.50,STOP,STOP,0.9804,0.830,STOP,STOP
307,76.75,79.75,STOP,STOP,0.9793,0.656,STOP,STOP
308,77.00,80.00,STOP,STOP,0.9907,0.562,STOP,STOP
309,77.25,80.25,STOP,STOP,0.9887,0.438,STOP,STOP
310,77.50,80.50,STOP,STOP,0.9951,0.490,STOP,STOP
311,77.75,80.75,STOP,STOP,0.9947,0.546,STOP,STOP
312,78.00,81.00,STOP,STOP,0.9886,0.578,STOP,STOP
313,78.25,81.25,STOP,STOP,0.9906,0.585,STOP,STOP
314,78.50,81.50,STOP,STOP,0.9794,0.570,STOP,STOP
315,78.75,81.75,STOP,STOP,0.9301,0.548,STOP,STOP
316,79.00,82.00,STOP,STOP,0.9390,0.828,STOP,STOP
317,79.25,82.25,STOP,STOP,0.9733,1.090,STOP,STOP
318,79.50,82.50,STOP,STOP,0.9695,1.155,STOP,STOP
319,79.75,82.75,STOP,STOP,0.9693,1.155,STOP,STOP
320,80.00,83.00,STOP,STOP,0.8427,0.852,STOP,STOP
321,80.25,83.25,STOP,STOP,0.6509,0.540,STOP,STOP
322,80.50,83.50,STOP,STOP,0.8221,0.471,STOP,STOP
323,80.75,83.75,STOP,STOP,0.8675,0.441,STOP,STOP
324,81.00,84.00,STOP,STOP,0.9074,0.471,STOP,STOP
325,81.25,84.25,STOP,STOP,0.8635,0.486,STOP,STOP
326,81.50,84.50,STOP,STOP,0.8249,0.537,STOP,STOP
327,81.75,84.75,STOP,STOP,0.9463,0.702,STOP,STOP
328,82.00,85.00,STOP,STOP,0.9402,0.691,STOP,STOP
329,82.25,85.25,STOP,STOP,0.8912,0.626,STOP,STOP
330,82.50,85.50,STOP,STOP,0.9010,0.537,STOP,STOP
331,82.75,85.75,STOP,STOP,0.9247,0.497,STOP,STOP
332,83.00,86.00,STOP,STOP,0.9376,0.517,STOP,STOP
333,83.25,86.25,STOP,STOP,0.9743,0.657,STOP,STOP
334,83.50,86.50,STOP,STOP,0.9649,0.666,STOP,STOP
335,83.75,86.75,STOP,STOP,0.9231,0.618,STOP,STOP
336,84.00,87.00,STOP,STOP,0.9229,0.648,STOP,STOP
337,84.25,87.25,STOP,STOP,0.8986,0.614,STOP,STOP
338,84.50,87.50,STOP,STOP,0.9288,0.600,STOP,STOP
339,84.75,87.75,STOP,STOP,0.9183,0.522,STOP,STOP
340,85.00,88.00,STOP,STOP,0.8786,0.386,STOP,STOP
341,85.25,88.25,STOP,STOP,0.9064,0.413,STOP,STOP
342,85.50,88.50,STOP,STOP,0.8894,0.531,STOP,STOP
343,85.75,88.75,STOP,STOP,0.8584,0.652,STOP,STOP
344,86.00,89.00,STOP,STOP,0.9273,0.768,STOP,STOP
345,86.25,89.25,STOP,STOP,0.9668,0.755,STOP,STOP
346,86.50,89.50,STOP,STOP,0.9746,0.691,STOP,STOP
347,86.75,89.75,STOP,STOP,0.9778,0.677,STOP,STOP
348,87.00,90.00,STOP,STOP,0.9737,0.694,STOP,STOP
349,87.25,90.25,STOP,STOP,0.9657,0.690,STOP,STOP
350,87.50,90.50,STOP,STOP,0.9635,0.621,STOP,STOP
351,87.75,90.75,STOP,STOP,0.9663,0.517,STOP,STOP
352,88.00,91.00,STOP,STOP,0.9796,0.511,STOP,STOP
353,88.25,91.25,STOP,STOP,0.9502,0.407,STOP,STOP
354,88.50,91.50,STOP,STOP,0.9628,0.458,STOP,STOP
355,88.75,91.75,STOP,STOP,0.9675,0.496,STOP,STOP
356,89.00,92.00,WALK,STOP,0.9605,0.484,STOP,STOP
357,89.25,92.25,WALK,STOP,0.8329,0.349,STOP,STOP
358,89.50,92.50,WALK,STOP,0.7975,0.390,STOP,STOP
359,89.75,92.75,WALK,WALK,0.5550,0.738,WALK,STOP
360,90.00,93.00,WALK,STOP,0.6273,1.365,STOP,STOP
361,90.25,93.25,WALK,STOP,0.9268,2.017,STOP,STOP
362,90.50,93.50,WALK,STOP,0.9753,2.543,STOP,STOP
363,90.75,93.75,WALK,STOP,0.9336,2.838,STOP,STOP
364,91.00,94.00,WALK,WALK,0.5033,2.883,WALK,WALK
365,91.25,94.25,WALK,WALK,0.8576,2.767,WALK,WALK
366,91.50,94.50,WALK,WALK,0.9758,2.538,WALK,WALK
367,91.75,94.75,WALK,WALK,0.9852,2.232,WALK,WALK
368,92.00,95.00,WALK,WALK,0.9509,1.934,WALK,WALK
369,92.25,95.25,WALK,WALK,0.7565,1.815,WALK,WALK
370,92.50,95.50,WALK,WALK,0.7095,1.833,WALK,WALK
371,92.75,95.75,WALK,WALK,0.7028,2.073,WALK,WALK
372,93.00,96.00,WALK,WALK,0.6457,2.468,WALK,WALK
373,93.25,96.25,WALK,WALK,0.7049,2.806,WALK,WALK
374,93.50,96.50,WALK,WALK,0.7798,2.927,WALK,WALK
375,93.75,96.75,WALK,WALK,0.5725,2.675,WALK,WALK
376,94.00,97.00,WALK,WALK,0.5198,2.301,WALK,WALK
377,94.25,97.25,WALK,WALK,0.9069,2.030,WALK,WALK
378,94.50,97.50,WALK,WALK,0.9830,1.834,WALK,WALK
379,94.75,97.75,WALK,WALK,0.9898,1.740,WALK,WALK
380,95.00,98.00,WALK,WALK,0.9925,1.659,WALK,WALK
381,95.25,98.25,WALK,WALK,0.9882,1.451,WALK,WALK
382,95.50,98.50,WALK,WALK,0.9813,1.272,WALK,WALK
383,95.75,98.75,WALK,WALK,0.9706,1.215,WALK,WALK
384,96.00,99.00,WALK,WALK,0.9728,1.350,WALK,WALK
385,96.25,99.25,WALK,WALK,0.9581,1.319,WALK,WALK
386,96.50,99.50,WALK,WALK,0.8769,0.976,WALK,WALK
387,96.75,99.75,WALK,WALK,0.6633,0.497,WALK,WALK
388,97.00,100.00,WALK,STOP,0.5630,0.461,STOP,STOP
389,97.25,100.25,WALK,STOP,0.6958,0.362,STOP,STOP
390,97.50,100.50,WALK,STOP,0.7948,0.321,STOP,STOP
391,97.75,100.75,WALK,STOP,0.8422,0.414,STOP,STOP
392,98.00,101.00,WALK,STOP,0.8427,0.465,STOP,STOP
393,98.25,101.25,WALK,STOP,0.5240,0.550,STOP,STOP
394,98.50,101.50,WALK,WALK,0.6744,0.869,WALK,WALK
395,98.75,101.75,WALK,WALK,0.5407,1.055,WALK,WALK
396,99.00,102.00,WALK,WALK,0.5346,1.247,WALK,WALK
397,99.25,102.25,WALK,WALK,0.6830,1.319,WALK,WALK
398,99.50,102.50,WALK,WALK,0.7228,1.313,WALK,WALK
399,99.75,102.75,WALK,WALK,0.7162,1.292,WALK,WALK
400,100.00,103.00,WALK,WALK,0.5525,1.225,WALK,WALK
401,100.25,103.25,WALK,WALK,0.6989,0.940,WALK,WALK
402,100.50,103.50,WALK,WALK,0.9019,0.655,WALK,WALK
403,100.75,103.75,WALK,WALK,0.6244,0.435,WALK,WALK
404,101.00,104.00,WALK,STOP,0.5314,0.448,STOP,STOP
405,101.25,104.25,WALK,STOP,0.6194,0.441,STOP,STOP
406,101.50,104.50,WALK,STOP,0.5201,0.450,STOP,STOP
407,101.75,104.75,STOP,STOP,0.8313,0.452,STOP,STOP
408,102.00,105.00,STOP,STOP,0.7373,0.404,STOP,STOP
409,102.25,105.25,STOP,STOP,0.5781,0.373,STOP,STOP
410,102.50,105.50,STOP,WALK,0.5154,0.402,WALK,STOP
411,102.75,105.75,STOP,STOP,0.6581,0.402,STOP,STOP
412,103.00,106.00,STOP,STOP,0.6754,0.520,STOP,STOP
413,103.25,106.25,STOP,STOP,0.7417,0.520,STOP,STOP
414,103.50,106.50,STOP,STOP,0.9062,0.606,STOP,STOP
415,103.75,106.75,STOP,STOP,0.8513,0.581,STOP,STOP
416,104.00,107.00,STOP,STOP,0.8957,0.595,STOP,STOP
417,104.25,107.25,STOP,STOP,0.9273,0.611,STOP,STOP
418,104.50,107.50,STOP,STOP,0.9377,0.590,STOP,STOP
419,104.75,107.75,STOP,STOP,0.9479,0.570,STOP,STOP
420,105.00,108.00,STOP,STOP,0.9590,0.579,STOP,STOP
421,105.25,108.25,STOP,STOP,0.9733,0.618,STOP,STOP
422,105.50,108.50,STOP,STOP,0.9725,0.620,STOP,STOP
423,105.75,108.75,STOP,STOP,0.9709,0.641,STOP,STOP
424,106.00,109.00,STOP,STOP,0.9697,0.753,STOP,STOP
425,106.25,109.25,STOP,STOP,0.9573,0.770,STOP,STOP
426,106.50,109.50,STOP,STOP,0.9727,0.890,STOP,STOP
427,106.75,109.75,STOP,STOP,0.9765,0.849,STOP,STOP
428,107.00,110.00,STOP,STOP,0.8226,0.547,STOP,STOP
429,107.25,110.25,STOP,STOP,0.8879,0.393,STOP,STOP
430,107.50,110.50,STOP,STOP,0.8991,0.323,STOP,STOP
431,107.75,110.75,STOP,STOP,0.9108,0.334,STOP,STOP
432,108.00,111.00,STOP,STOP,0.8477,0.428,STOP,STOP
433,108.25,111.25,STOP,STOP,0.8015,0.502,STOP,STOP
434,108.50,111.50,STOP,STOP,0.7485,0.509,STOP,STOP
435,108.75,111.75,STOP,STOP,0.7987,0.519,STOP,STOP
436,109.00,112.00,STOP,STOP,0.6377,0.469,STOP,STOP
437,109.25,112.25,STOP,STOP,0.8773,0.418,STOP,STOP
438,109.50,112.50,STOP,STOP,0.9090,0.611,STOP,STOP
439,109.75,112.75,STOP,STOP,0.8178,0.627,STOP,STOP
440,110.00,113.00,STOP,WALK,0.6818,0.487,WALK,STOP
441,110.25,113.25,STOP,STOP,0.5325,0.817,STOP,STOP
442,110.50,113.50,STOP,STOP,0.7602,1.055,STOP,STOP
443,110.75,113.75,STOP,STOP,0.8239,1.383,STOP,STOP
444,111.00,114.00,STOP,STOP,0.6716,1.625,STOP,STOP
445,111.25,114.25,STOP,WALK,0.5194,1.738,WALK,STOP
446,111.50,114.50,STOP,WALK,0.5494,1.730,WALK,STOP
447,111.75,114.75,STOP,STOP,0.5144,1.579,STOP,WALK
448,112.00,115.00,STOP,STOP,0.6463,1.178,STOP,STOP
449,112.25,115.25,STOP,WALK,0.6593,0.661,WALK,STOP
450,112.50,115.50,STOP,STOP,0.5579,0.553,STOP,STOP
451,112.75,115.75,STOP,STOP,0.8746,0.934,STOP,STOP
452,113.00,116.00,STOP,STOP,0.7522,0.739,STOP,STOP
453,113.25,116.25,STOP,STOP,0.8063,0.568,STOP,STOP
454,113.50,116.50,STOP,STOP,0.9294,0.502,STOP,STOP
455,113.75,116.75,STOP,STOP,0.9518,0.504,STOP,STOP
456,114.00,117.00,STOP,STOP,0.9607,0.572,STOP,STOP
457,114.25,117.25,STOP,STOP,0.8591,0.519,STOP,STOP
458,114.50,117.50,STOP,STOP,0.8214,0.473,STOP,STOP
459,114.75,117.75,STOP,STOP,0.8010,0.483,STOP,STOP
460,115.00,118.00,STOP,STOP,0.7037,0.539,STOP,STOP
461,115.25,118.25,STOP,STOP,0.7373,0.625,STOP,STOP
462,115.50,118.50,WALK,STOP,0.7088,0.640,STOP,STOP
463,115.75,118.75,WALK,STOP,0.6910,0.632,STOP,STOP
464,116.00,119.00,WALK,STOP,0.7690,0.691,STOP,STOP
465,116.25,119.25,WALK,STOP,0.6879,0.643,STOP,STOP
466,116.50,119.50,WALK,STOP,0.6091,0.592,STOP,STOP
467,116.75,119.75,WALK,WALK,0.6143,0.543,WALK,WALK
468,117.00,120.00,WALK,WALK,0.9046,0.657,WALK,WALK
469,117.25,120.25,WALK,WALK,0.8927,0.817,WALK,WALK
470,117.50,120.50,WALK,WALK,0.9370,0.977,WALK,WALK
471,117.75,120.75,WALK,WALK,0.9726,1.066,WALK,WALK
472,118.00,121.00,WALK,WALK,0.9835,1.077,WALK,WALK
473,118.25,121.25,WALK,WALK,0.9780,1.054,WALK,WALK
474,118.50,121.50,WALK,WALK,0.9722,1.124,WALK,WALK
475,118.75,121.75,WALK,WALK,0.9475,1.185,WALK,WALK
476,119.00,122.00,WALK,WALK,0.9683,1.161,WALK,WALK
477,119.25,122.25,WALK,WALK,0.9807,1.064,WALK,WALK
478,119.50,122.50,WALK,WALK,0.9820,0.999,WALK,WALK
479,119.75,122.75,WALK,WALK,0.9838,0.982,WALK,WALK
480,120.00,123.00,WALK,WALK,0.9875,1.103,WALK,WALK
481,120.25,123.25,WALK,WALK,0.9987,1.608,WALK,WALK
482,120.50,123.50,WALK,WALK,0.9635,1.861,WALK,WALK
483,120.75,123.75,WALK,WALK,0.8941,2.372,WALK,WALK
484,121.00,124.00,WALK,WALK,0.9470,3.051,WALK,WALK
485,121.25,124.25,WALK,WALK,0.9823,3.573,WALK,WALK
486,121.50,124.50,WALK,WALK,0.9938,3.853,WALK,WALK
487,121.75,124.75,WALK,WALK,0.9932,3.899,WALK,WALK
488,122.00,125.00,WALK,WALK,0.9872,3.708,WALK,WALK
489,122.25,125.25,WALK,WALK,0.9937,3.120,WALK,WALK
490,122.50,125.50,WALK,WALK,0.9997,2.249,WALK,WALK
491,122.75,125.75,WALK,WALK,0.9993,1.333,WALK,WALK
492,123.00,126.00,WALK,WALK,0.9887,1.035,WALK,WALK
493,123.25,126.25,WALK,WALK,0.9944,1.218,WALK,WALK
494,123.50,126.50,WALK,WALK,0.9929,1.185,WALK,WALK
495,123.75,126.75,WALK,WALK,0.9956,1.096,WALK,WALK
496,124.00,127.00,WALK,WALK,0.9802,0.737,WALK,WALK
497,124.25,127.25,WALK,WALK,0.9261,0.663,WALK,WALK
498,124.50,127.50,WALK,WALK,0.9321,0.760,WALK,WALK
499,124.75,127.75,WALK,WALK,0.9356,0.795,WALK,WALK
500,125.00,128.00,WALK,WALK,0.9117,0.756,WALK,WALK
501,125.25,128.25,WALK,WALK,0.9484,0.704,WALK,WALK
502,125.50,128.50,WALK,WALK,0.9571,0.792,WALK,WALK
503,125.75,128.75,WALK,WALK,0.8612,0.945,WALK,WALK
504,126.00,129.00,WALK,WALK,0.6802,1.315,WALK,WALK
505,126.25,129.25,WALK,STOP,0.7206,1.691,STOP,STOP
506,126.50,129.50,WALK,STOP,0.8788,1.930,STOP,STOP
507,126.75,129.75,WALK,STOP,0.7864,1.989,STOP,STOP
508,127.00,130.00,WALK,WALK,0.5880,1.830,WALK,WALK
509,127.25,130.25,WALK,WALK,0.9433,1.532,WALK,WALK
510,127.50,130.50,WALK,WALK,0.8896,1.032,WALK,WALK
511,127.75,130.75,WALK,WALK,0.7984,0.630,WALK,WALK
512,128.00,131.00,WALK,STOP,0.6553,0.460,STOP,STOP
513,128.25,131.25,WALK,STOP,0.8853,0.456,STOP,STOP
514,128.50,131.50,WALK,STOP,0.9085,0.469,STOP,STOP
515,128.75,131.75,WALK,STOP,0.9044,0.409,STOP,STOP
516,129.00,132.00,WALK,STOP,0.8937,0.346,STOP,STOP
517,129.25,132.25,WALK,STOP,0.9058,0.337,STOP,STOP
518,129.50,132.50,WALK,STOP,0.8702,0.399,STOP,STOP
519,129.75,132.75,WALK,STOP,0.9420,0.593,STOP,STOP
520,130.00,133.00,WALK,STOP,0.9571,0.668,STOP,STOP
521,130.25,133.25,WALK,STOP,0.9680,0.697,STOP,STOP
522,130.50,133.50,WALK,STOP,0.9668,0.673,STOP,STOP
523,130.75,133.75,WALK,STOP,0.9738,0.660,STOP,STOP
524,131.00,134.00,WALK,STOP,0.8987,0.592,STOP,STOP
525,131.25,134.25,WALK,STOP,0.9029,0.573,STOP,STOP
526,131.50,134.50,WALK,STOP,0.9158,0.583,STOP,STOP
527,131.75,134.75,WALK,STOP,0.9391,0.540,STOP,STOP
528,132.00,135.00,WALK,STOP,0.9342,0.511,STOP,STOP
529,132.25,135.25,WALK,STOP,0.9083,0.537,STOP,STOP
530,132.50,135.50,WALK,STOP,0.8759,0.575,STOP,STOP
531,132.75,135.75,WALK,STOP,0.9313,0.672,STOP,STOP
532,133.00,136.00,WALK,STOP,0.5324,0.507,STOP,STOP
533,133.25,136.25,STOP,STOP,0.5203,0.354,STOP,STOP
534,133.50,136.50,STOP,STOP,0.6486,0.410,STOP,STOP
535,133.75,136.75,STOP,WALK,0.5582,0.712,WALK,STOP
536,134.00,137.00,STOP,STOP,0.5582,0.760,STOP,WALK
537,134.25,137.25,STOP,WALK,0.5414,0.746,WALK,WALK
538,134.50,137.50,STOP,WALK,0.7055,0.680,WALK,WALK
539,134.75,137.75,STOP,WALK,0.8942,0.664,WALK,WALK
540,135.00,138.00,STOP,WALK,0.8906,0.591,WALK,WALK
541,135.25,138.25,STOP,WALK,0.8814,0.469,WALK,WALK
542,135.50,138.50,STOP,WALK,0.9047,0.391,WALK,WALK
543,135.75,138.75,STOP,STOP,0.5270,0.374,STOP,STOP
544,136.00,139.00,STOP,STOP,0.7585,0.456,STOP,STOP
545,136.25,139.25,STOP,STOP,0.7767,0.476,STOP,STOP
546,136.50,139.50,STOP,STOP,0.7866,0.505,STOP,STOP
547,136.75,139.75,STOP,STOP,0.9549,0.686,STOP,STOP
548,137.00,140.00,STOP,STOP,0.9716,0.775,STOP,STOP
549,137.25,140.25,STOP,STOP,0.9785,0.860,STOP,STOP
550,137.50,140.50,STOP,STOP,0.9787,0.885,STOP,STOP
551,137.75,140.75,STOP,STOP,0.9820,0.923,STOP,STOP
552,138.00,141.00,STOP,STOP,0.9875,1.006,STOP,STOP
553,138.25,141.25,STOP,STOP,0.9857,0.899,STOP,STOP
554,138.50,141.50,STOP,STOP,0.9872,0.822,STOP,STOP
555,138.75,141.75,STOP,STOP,0.9713,0.594,STOP,STOP
556,139.00,142.00,STOP,STOP,0.9623,0.426,STOP,STOP
557,139.25,142.25,STOP,STOP,0.9721,0.414,STOP,STOP
558,139.50,142.50,STOP,STOP,0.9483,0.436,STOP,STOP
559,139.75,142.75,STOP,STOP,0.9496,0.483,STOP,STOP
560,140.00,143.00,STOP,STOP,0.9802,0.480,STOP,STOP
561,140.25,143.25,STOP,STOP,0.9441,0.437,STOP,STOP
562,140.50,143.50,STOP,STOP,0.9192,0.459,STOP,STOP
563,140.75,143.75,STOP,STOP,0.8293,0.351,STOP,STOP
564,141.00,144.00,STOP,STOP,0.8261,0.317,STOP,STOP
565,141.25,144.25,STOP,STOP,0.8839,0.396,STOP,STOP
566,141.50,144.50,STOP,STOP,0.8852,0.490,STOP,STOP
567,141.75,144.75,STOP,STOP,0.8125,0.522,STOP,STOP
568,142.00,145.00,STOP,STOP,0.7779,0.551,STOP,STOP
569,142.25,145.25,STOP,STOP,0.7396,0.518,STOP,STOP
570,142.50,145.50,STOP,STOP,0.7334,0.419,STOP,STOP
571,142.75,145.75,STOP,STOP,0.7543,0.291,STOP,STOP
572,143.00,146.00,STOP,STOP,0.8782,0.270,STOP,STOP
573,143.25,146.25,STOP,STOP,0.8479,0.221,STOP,STOP
574,143.50,146.50,STOP,STOP,0.8888,0.268,STOP,STOP
575,143.75,146.75,STOP,STOP,0.8593,0.335,STOP,STOP
576,144.00,147.00,STOP,STOP,0.7984,0.297,STOP,STOP
577,144.25,147.25,STOP,STOP,0.8545,0.421,STOP,STOP
578,144.50,147.50,STOP,STOP,0.8155,0.490,STOP,STOP
579,144.75,147.75,STOP,STOP,0.9468,0.583,STOP,STOP
580,145.00,148.00,STOP,STOP,0.8990,0.425,STOP,STOP
581,145.25,148.25,STOP,STOP,0.9084,0.426,STOP,STOP
582,145.50,148.50,STOP,STOP,0.8956,0.462,STOP,STOP
583,145.75,148.75,STOP,STOP,0.8776,0.477,STOP,STOP
584,146.00,149.00,STOP,STOP,0.8606,0.487,STOP,STOP
585,146.25,149.25,STOP,STOP,0.8538,0.505,STOP,STOP
586,146.50,149.50,STOP,STOP,0.8493,0.463,STOP,STOP
587,146.75,149.75,STOP,STOP,0.9255,0.596,STOP,STOP
588,147.00,150.00,STOP,STOP,0.9703,0.737,STOP,STOP
589,147.25,150.25,STOP,STOP,0.9720,0.694,STOP,STOP
590,147.50,150.50,STOP,STOP,0.9505,0.560,STOP,STOP
591,147.75,150.75,STOP,STOP,0.9567,0.547,STOP,STOP
592,148.00,151.00,STOP,STOP,0.9695,0.659,STOP,STOP
593,148.25,151.25,STOP,STOP,0.9599,0.668,STOP,STOP
594,148.50,151.50,STOP,STOP,0.9603,0.671,STOP,STOP
595,148.75,151.75,STOP,STOP,0.9636,0.649,STOP,STOP
596,149.00,152.00,STOP,STOP,0.9685,0.660,STOP,STOP
597,149.25,152.25,STOP,STOP,0.9215,0.610,STOP,STOP
598,149.50,152.50,STOP,STOP,0.9604,0.822,STOP,STOP
599,149.75,152.75,STOP,STOP,0.9837,1.061,STOP,STOP
600,150.00,153.00,STOP,STOP,0.9602,1.011,STOP,STOP
601,150.25,153.25,STOP,STOP,0.9003,0.738,STOP,STOP
602,150.50,153.50,STOP,STOP,0.9513,0.565,STOP,STOP
603,150.75,153.75,STOP,STOP,0.9772,0.467,STOP,STOP
604,151.00,154.00,STOP,STOP,0.9724,0.377,STOP,STOP
605,151.25,154.25,STOP,STOP,0.9432,0.397,STOP,STOP
606,151.50,154.50,STOP,STOP,0.9065,0.414,STOP,STOP
607,151.75,154.75,STOP,STOP,0.8781,0.423,STOP,STOP
608,152.00,155.00,WALK,STOP,0.8724,0.433,STOP,STOP
609,152.25,155.25,WALK,STOP,0.8570,0.424,STOP,STOP
610,152.50,155.50,WALK,STOP,0.8361,0.513,STOP,STOP
611,152.75,155.75,WALK,STOP,0.7414,0.632,STOP,STOP
612,153.00,156.00,WALK,STOP,0.8440,0.606,STOP,STOP
613,153.25,156.25,WALK,STOP,0.9366,0.604,STOP,STOP
614,153.50,156.50,WALK,STOP,0.9462,0.590,STOP,STOP
615,153.75,156.75,WALK,STOP,0.8998,0.545,STOP,STOP
616,154.00,157.00,WALK,STOP,0.7891,0.527,STOP,STOP
617,154.25,157.25,WALK,STOP,0.5950,0.492,STOP,STOP
618,154.50,157.50,WALK,WALK,0.5256,0.484,WALK,WALK
619,154.75,157.75,WALK,WALK,0.7619,0.494,WALK,WALK
620,155.00,158.00,WALK,WALK,0.8355,0.521,WALK,WALK
621,155.25,158.25,WALK,WALK,0.7908,0.446,WALK,WALK
622,155.50,158.50,WALK,WALK,0.7533,0.401,WALK,WALK
623,155.75,158.75,WALK,WALK,0.7639,0.369,WALK,WALK
624,156.00,159.00,WALK,WALK,0.7759,0.447,WALK,WALK
625,156.25,159.25,WALK,WALK,0.7359,0.509,WALK,WALK
626,156.50,159.50,WALK,WALK,0.7049,0.540,WALK,WALK
627,156.75,159.75,WALK,WALK,0.6681,0.583,WALK,WALK
628,157.00,160.00,WALK,WALK,0.6962,0.623,WALK,WALK
629,157.25,160.25,WALK,WALK,0.7329,0.615,WALK,WALK
630,157.50,160.50,WALK,WALK,0.7419,0.567,WALK,WALK
631,157.75,160.75,WALK,STOP,0.7036,0.569,STOP,STOP
632,158.00,161.00,WALK,STOP,0.7749,0.561,STOP,STOP
633,158.25,161.25,WALK,STOP,0.7827,0.625,STOP,STOP
634,158.50,161.50,WALK,STOP,0.7228,0.614,STOP,STOP
635,158.75,161.75,WALK,STOP,0.7566,0.622,STOP,STOP
636,159.00,162.00,WALK,STOP,0.6515,0.560,STOP,STOP
637,159.25,162.25,WALK,STOP,0.5061,0.524,STOP,STOP
638,159.50,162.50,WALK,STOP,0.7727,0.529,STOP,STOP
639,159.75,162.75,WALK,STOP,0.8325,0.603,STOP,STOP
640,160.00,163.00,WALK,STOP,0.8194,0.624,STOP,STOP
641,160.25,163.25,WALK,STOP,0.8878,0.668,STOP,STOP
642,160.50,163.50,WALK,STOP,0.9298,0.712,STOP,STOP
643,160.75,163.75,WALK,STOP,0.8942,0.614,STOP,STOP
644,161.00,164.00,WALK,STOP,0.8306,0.538,STOP,STOP
645,161.25,164.25,WALK,STOP,0.8174,0.495,STOP,STOP
646,161.50,164.50,WALK,STOP,0.8675,0.545,STOP,STOP
647,161.75,164.75,WALK,STOP,0.8781,0.567,STOP,STOP
648,162.00,165.00,WALK,STOP,0.8545,0.555,STOP,STOP
649,162.25,165.25,WALK,STOP,0.8260,0.536,STOP,STOP
650,162.50,165.50,WALK,STOP,0.7975,0.534,STOP,STOP
651,162.75,165.75,WALK,STOP,0.8402,0.595,STOP,STOP
652,163.00,166.00,WALK,STOP,0.9313,0.653,STOP,STOP
653,163.25,166.25,WALK,STOP,0.9543,0.669,STOP,STOP
654,163.50,166.50,WALK,STOP,0.9714,0.648,STOP,STOP
655,163.75,166.75,WALK,STOP,0.9867,0.673,STOP,STOP
656,164.00,167.00,WALK,STOP,0.9895,0.674,STOP,STOP
657,164.25,167.25,WALK,STOP,0.9859,0.683,STOP,STOP
658,164.50,167.50,WALK,STOP,0.9867,0.797,STOP,STOP
659,164.75,167.75,WALK,STOP,0.9933,0.919,STOP,STOP
660,165.00,168.00,WALK,STOP,0.9894,0.905,STOP,STOP
661,165.25,168.25,WALK,STOP,0.9885,0.933,STOP,STOP
662,165.50,168.50,WALK,STOP,0.9580,0.731,STOP,STOP
663,165.75,168.75,WALK,STOP,0.9001,0.454,STOP,STOP
664,166.00,169.00,WALK,WALK,0.6203,0.572,WALK,STOP
665,166.25,169.25,WALK,STOP,0.6188,0.614,STOP,STOP
666,166.50,169.50,WALK,STOP,0.5268,0.659,STOP,WALK
667,166.75,169.75,WALK,WALK,0.5847,0.573,WALK,WALK
668,167.00,170.00,WALK,WALK,0.7249,0.585,WALK,WALK
669,167.25,170.25,WALK,WALK,0.8632,0.643,WALK,WALK
670,167.50,170.50,WALK,WALK,0.9345,0.728,WALK,WALK
671,167.75,170.75,WALK,WALK,0.9520,0.696,WALK,WALK
672,168.00,171.00,WALK,WALK,0.9330,0.670,WALK,WALK
673,168.25,171.25,WALK,WALK,0.9932,0.761,WALK,WALK
674,168.50,171.50,WALK,WALK,0.9822,0.652,WALK,WALK
675,168.75,171.75,WALK,WALK,0.9954,0.985,WALK,WALK
676,169.00,172.00,WALK,WALK,0.9356,0.890,WALK,WALK
677,169.25,172.25,WALK,WALK,0.9446,0.756,WALK,WALK
678,169.50,172.50,WALK,WALK,0.9452,0.674,WALK,WALK
679,169.75,172.75,STOP,WALK,0.9745,0.705,WALK,WALK
680,170.00,173.00,STOP,WALK,0.9853,0.776,WALK,WALK
681,170.25,173.25,STOP,WALK,0.9811,0.735,WALK,WALK
682,170.50,173.50,STOP,WALK,0.9638,0.594,WALK,WALK
683,170.75,173.75,STOP,WALK,0.9341,0.479,WALK,WALK
684,171.00,174.00,STOP,WALK,0.7894,0.399,WALK,WALK
685,171.25,174.25,STOP,WALK,0.7028,0.379,WALK,WALK
686,171.50,174.50,STOP,WALK,0.6004,0.453,WALK,WALK
687,171.75,174.75,STOP,WALK,0.7459,0.522,WALK,WALK
688,172.00,175.00,STOP,STOP,0.5248,0.454,STOP,STOP
689,172.25,175.25,STOP,STOP,0.7728,0.522,STOP,STOP
690,172.50,175.50,STOP,STOP,0.9200,0.656,STOP,STOP
691,172.75,175.75,STOP,STOP,0.8927,0.686,STOP,STOP
692,173.00,176.00,STOP,STOP,0.9521,0.784,STOP,STOP
693,173.25,176.25,STOP,STOP,0.8944,0.658,STOP,STOP
694,173.50,176.50,STOP,STOP,0.9066,0.617,STOP,STOP
695,173.75,176.75,STOP,STOP,0.9309,0.571,STOP,STOP
696,174.00,177.00,STOP,STOP,0.9346,0.475,STOP,STOP
697,174.25,177.25,STOP,STOP,0.9158,0.393,STOP,STOP
698,174.50,177.50,STOP,STOP,0.8400,0.393,STOP,STOP
699,174.75,177.75,STOP,STOP,0.8491,0.422,STOP,STOP
700,175.00,178.00,STOP,STOP,0.7698,0.382,STOP,STOP
701,175.25,178.25,STOP,WALK,0.5205,0.648,WALK,STOP
702,175.50,178.50,STOP,STOP,0.6004,1.069,STOP,STOP
703,175.75,178.75,STOP,STOP,0.8232,1.528,STOP,STOP
704,176.00,179.00,STOP,STOP,0.9839,1.878,STOP,STOP
705,176.25,179.25,STOP,STOP,0.9969,2.059,STOP,STOP
706,176.50,179.50,STOP,STOP,0.9930,2.040,STOP,STOP
707,176.75,179.75,STOP,STOP,0.9228,1.886,STOP,STOP
708,177.00,180.00,STOP,STOP,0.5958,1.716,STOP,STOP
709,177.25,180.25,STOP,STOP,0.8365,1.786,STOP,STOP
710,177.50,180.50,STOP,STOP,0.9839,1.958,STOP,STOP
711,177.75,180.75,STOP,STOP,0.9990,2.130,STOP,STOP
712,178.00,181.00,STOP,STOP,0.9999,2.289,STOP,STOP
713,178.25,181.25,STOP,STOP,1.0000,2.409,STOP,STOP
714,178.50,181.50,STOP,STOP,1.0000,2.433,STOP,STOP
715,178.75,181.75,STOP,STOP,1.0000,2.375,STOP,STOP
716,179.00,182.00,STOP,STOP,0.9986,2.145,STOP,STOP
717,179.25,182.25,STOP,STOP,0.9494,1.710,STOP,STOP
718,179.50,182.50,STOP,WALK,0.6486,1.014,WALK,STOP
719,179.75,182.75,STOP,STOP,0.7394,0.536,STOP,STOP
720,180.00,183.00,STOP,STOP,0.9784,0.560,STOP,STOP
721,180.25,183.25,STOP,STOP,0.9917,0.600,STOP,STOP
722,180.50,183.50,STOP,STOP,0.9877,0.582,STOP,STOP
723,180.75,183.75,STOP,STOP,0.9800,0.593,STOP,STOP
724,181.00,184.00,STOP,STOP,0.9779,0.606,STOP,STOP
725,181.25,184.25,STOP,STOP,0.9802,0.599,STOP,STOP
726,181.50,184.50,STOP,STOP,0.9790,0.538,STOP,STOP
727,181.75,184.75,STOP,STOP,0.9615,0.514,STOP,STOP
728,182.00,185.00,STOP,STOP,0.9066,0.594,STOP,STOP
729,182.25,185.25,STOP,STOP,0.8347,0.533,STOP,STOP
730,182.50,185.50,STOP,STOP,0.8180,0.468,STOP,STOP
731,182.75,185.75,STOP,STOP,0.8190,0.411,STOP,STOP
732,183.00,186.00,STOP,STOP,0.8112,0.368,STOP,STOP
733,183.25,186.25,STOP,STOP,0.8396,0.383,STOP,STOP
734,183.50,186.50,STOP,STOP,0.8609,0.381,STOP,STOP
735,183.75,186.75,STOP,WALK,0.6077,0.333,WALK,STOP
736,184.00,187.00,STOP,STOP,0.5013,0.418,STOP,STOP
737,184.25,187.25,STOP,STOP,0.6273,0.655,STOP,STOP
738,184.50,187.50,STOP,STOP,0.6214,0.835,STOP,STOP
739,184.75,187.75,STOP,WALK,0.5566,0.916,WALK,WALK
740,185.00,188.00,STOP,WALK,0.7126,0.910,WALK,WALK
741,185.25,188.25,STOP,WALK,0.8041,0.824,WALK,WALK
742,185.50,188.50,STOP,WALK,0.8750,0.641,WALK,WALK
743,185.75,188.75,STOP,WALK,0.9014,0.386,WALK,WALK
744,186.00,189.00,STOP,WALK,0.7572,0.312,WALK,WALK
745,186.25,189.25,STOP,STOP,0.7504,0.655,STOP,STOP
746,186.50,189.50,STOP,STOP,0.8842,0.796,STOP,STOP
747,186.75,189.75,STOP,STOP,0.9027,0.791,STOP,STOP
748,187.00,190.00,STOP,STOP,0.9223,0.839,STOP,STOP
749,187.25,190.25,STOP,STOP,0.8817,0.832,STOP,STOP
750,187.50,190.50,STOP,STOP,0.9391,0.865,STOP,STOP
751,187.75,190.75,STOP,STOP,0.9360,0.885,STOP,STOP
752,188.00,191.00,STOP,STOP,0.8835,0.808,STOP,STOP
753,188.25,191.25,STOP,STOP,0.8711,0.687,STOP,STOP
754,188.50,191.50,WALK,STOP,0.7549,0.551,STOP,STOP
755,188.75,191.75,WALK,STOP,0.6743,0.419,STOP,STOP
756,189.00,192.00,WALK,WALK,0.6462,0.429,WALK,WALK
757,189.25,192.25,WALK,WALK,0.7562,0.741,WALK,WALK
758,189.50,192.50,WALK,WALK,0.6358,1.164,WALK,WALK
759,189.75,192.75,WALK,STOP,0.6381,1.349,STOP,WALK
760,190.00,193.00,WALK,WALK,0.6939,1.284,WALK,WALK
761,190.25,193.25,WALK,WALK,0.9167,1.212,WALK,WALK
762,190.50,193.50,WALK,WALK,0.9489,1.125,WALK,WALK
763,190.75,193.75,WALK,WALK,0.9562,1.223,WALK,WALK
764,191.00,194.00,WALK,WALK,0.9819,1.516,WALK,WALK
765,191.25,194.25,WALK,WALK,0.9620,1.967,WALK,WALK
766,191.50,194.50,WALK,WALK,0.8997,2.419,WALK,WALK
767,191.75,194.75,WALK,WALK,0.5303,2.609,WALK,WALK
768,192.00,195.00,WALK,STOP,0.5977,2.598,STOP,WALK
769,192.25,195.25,WALK,WALK,0.7983,2.345,WALK,WALK
770,192.50,195.50,WALK,WALK,0.9831,1.846,WALK,WALK
771,192.75,195.75,WALK,WALK,0.9874,1.143,WALK,WALK
772,193.00,196.00,WALK,WALK,0.9617,0.628,WALK,WALK
773,193.25,196.25,WALK,WALK,0.8549,0.463,WALK,WALK
774,193.50,196.50,WALK,WALK,0.6005,0.501,WALK,WALK
775,193.75,196.75,WALK,WALK,0.6700,0.515,WALK,WALK
776,194.00,197.00,WALK,WALK,0.6359,0.578,WALK,WALK
777,194.25,197.25,WALK,WALK,0.6006,0.543,WALK,WALK
778,194.50,197.50,WALK,WALK,0.5253,0.516,WALK,WALK
779,194.75,197.75,WALK,STOP,0.7694,0.606,STOP,STOP
780,195.00,198.00,WALK,STOP,0.7683,0.606,STOP,STOP
781,195.25,198.25,WALK,STOP,0.7042,0.573,STOP,STOP
782,195.50,198.50,WALK,STOP,0.9019,0.797,STOP,STOP
783,195.75,198.75,WALK,STOP,0.8539,0.810,STOP,STOP
784,196.00,199.00,WALK,STOP,0.8455,0.767,STOP,STOP
785,196.25,199.25,WALK,STOP,0.8818,0.742,STOP,STOP
786,196.50,199.50,WALK,STOP,0.9314,0.707,STOP,STOP
787,196.75,199.75,WALK,STOP,0.7951,0.522,STOP,STOP
788,197.00,200.00,WALK,STOP,0.8538,0.432,STOP,STOP
789,197.25,200.25,WALK,STOP,0.8858,0.410,STOP,STOP
790,197.50,200.50,WALK,STOP,0.8875,0.466,STOP,STOP
791,197.75,200.75,WALK,STOP,0.8340,0.532,STOP,STOP
792,198.00,201.00,WALK,STOP,0.7300,0.559,STOP,STOP
793,198.25,201.25,WALK,STOP,0.6627,0.574,STOP,STOP
794,198.50,201.50,WALK,WALK,0.5950,0.642,WALK,WALK
795,198.75,201.75,WALK,WALK,0.9178,0.634,WALK,WALK
796,199.00,202.00,WALK,WALK,0.9473,0.751,WALK,WALK
797,199.25,202.25,WALK,STOP,0.6042,0.768,STOP,STOP
798,199.50,202.50,WALK,STOP,0.6870,0.798,STOP,STOP
799,199.75,202.75,WALK,STOP,0.7047,0.682,STOP,STOP
800,200.00,203.00,WALK,WALK,0.5290,0.725,WALK,WALK
801,200.25,203.25,WALK,WALK,0.7969,0.785,WALK,WALK
802,200.50,203.50,WALK,WALK,0.9287,0.932,WALK,WALK
803,200.75,203.75,WALK,WALK,0.9349,1.100,WALK,WALK
804,201.00,204.00,WALK,WALK,0.9539,1.253,WALK,WALK
805,201.25,204.25,WALK,WALK,0.9537,1.336,WALK,WALK
806,201.50,204.50,WALK,WALK,0.9405,1.409,WALK,WALK
807,201.75,204.75,WALK,WALK,0.8816,1.391,WALK,WALK
808,202.00,205.00,WALK,WALK,0.7994,1.202,WALK,WALK
809,202.25,205.25,WALK,WALK,0.8411,0.930,WALK,WALK
810,202.50,205.50,WALK,WALK,0.9770,0.914,WALK,WALK
811,202.75,205.75,WALK,WALK,0.8465,0.738,WALK,WALK
812,203.00,206.00,WALK,STOP,0.5057,0.600,STOP,WALK
813,203.25,206.25,WALK,STOP,0.5321,0.455,STOP,WALK
814,203.50,206.50,WALK,WALK,0.8020,0.501,WALK,WALK
815,203.75,206.75,WALK,WALK,0.7429,0.742,WALK,WALK
816,204.00,207.00,WALK,WALK,0.7964,1.004,WALK,WALK
817,204.25,207.25,WALK,WALK,0.8301,1.270,WALK,WALK
818,204.50,207.50,WALK,WALK,0.8970,1.464,WALK,WALK
819,204.75,207.75,WALK,WALK,0.9225,1.539,WALK,WALK
820,205.00,208.00,WALK,WALK,0.8778,1.505,WALK,WALK
821,205.25,208.25,WALK,WALK,0.8482,1.346,WALK,WALK
822,205.50,208.50,WALK,WALK,0.8533,1.023,WALK,WALK
823,205.75,208.75,WALK,WALK,0.7334,0.475,WALK,WALK
824,206.00,209.00,WALK,STOP,0.5352,0.378,STOP,WALK
825,206.25,209.25,STOP,STOP,0.5529,0.499,STOP,WALK
826,206.50,209.50,STOP,WALK,0.5354,0.497,WALK,STOP
827,206.75,209.75,STOP,WALK,0.5597,0.477,WALK,STOP
828,207.00,210.00,STOP,STOP,0.7558,0.491,STOP,STOP
829,207.25,210.25,STOP,STOP,0.7174,0.446,STOP,STOP
830,207.50,210.50,STOP,STOP,0.5796,0.270,STOP,STOP
831,207.75,210.75,STOP,STOP,0.7030,0.221,STOP,STOP
832,208.00,211.00,STOP,STOP,0.7747,0.365,STOP,STOP
833,208.25,211.25,STOP,STOP,0.7832,0.582,STOP,STOP
834,208.50,211.50,STOP,STOP,0.7420,0.695,STOP,STOP
835,208.75,211.75,STOP,STOP,0.6860,0.735,STOP,STOP
836,209.00,212.00,STOP,STOP,0.6557,0.727,STOP,STOP
837,209.25,212.25,STOP,STOP,0.5287,0.612,STOP,STOP
838,209.50,212.50,STOP,STOP,0.6045,0.587,STOP,STOP
839,209.75,212.75,STOP,STOP,0.5820,0.660,STOP,STOP
840,210.00,213.00,STOP,STOP,0.8758,0.980,STOP,STOP
841,210.25,213.25,STOP,STOP,0.9457,1.116,STOP,STOP
842,210.50,213.50,STOP,STOP,0.9763,1.223,STOP,STOP
843,210.75,213.75,STOP,STOP,0.9742,1.200,STOP,STOP
844,211.00,214.00,STOP,STOP,0.9752,1.191,STOP,STOP
845,211.25,214.25,STOP,STOP,0.9682,1.153,STOP,STOP
846,211.50,214.50,STOP,STOP,0.9584,1.103,STOP,STOP
847,211.75,214.75,STOP,STOP,0.9552,1.145,STOP,STOP
848,212.00,215.00,STOP,STOP,0.9641,1.211,STOP,STOP
849,212.25,215.25,STOP,STOP,0.9292,1.189,STOP,STOP
850,212.50,215.50,STOP,STOP,0.9334,1.150,STOP,STOP
851,212.75,215.75,STOP,STOP,0.9390,1.063,STOP,STOP
852,213.00,216.00,STOP,STOP,0.7947,0.881,STOP,STOP
853,213.25,216.25,STOP,STOP,0.8163,0.842,STOP,STOP
854,213.50,216.50,STOP,STOP,0.5872,0.686,STOP,STOP
855,213.75,216.75,STOP,STOP,0.6112,0.623,STOP,STOP
856,214.00,217.00,STOP,STOP,0.6120,0.640,STOP,STOP
857,214.25,217.25,STOP,STOP,0.6847,0.605,STOP,STOP
858,214.50,217.50,STOP,STOP,0.8828,0.656,STOP,STOP
859,214.75,217.75,STOP,STOP,0.8538,0.620,STOP,STOP
860,215.00,218.00,STOP,STOP,0.7508,0.588,STOP,STOP
861,215.25,218.25,STOP,STOP,0.7362,0.508,STOP,STOP
862,215.50,218.50,STOP,STOP,0.7460,0.500,STOP,STOP
863,215.75,218.75,STOP,STOP,0.7913,0.478,STOP,STOP
864,216.00,219.00,STOP,STOP,0.8724,0.583,STOP,STOP
865,216.25,219.25,STOP,STOP,0.8387,0.604,STOP,STOP
866,216.50,219.50,STOP,STOP,0.8483,0.581,STOP,STOP
867,216.75,219.75,STOP,STOP,0.8887,0.526,STOP,STOP
868,217.00,220.00,STOP,STOP,0.9197,0.512,STOP,STOP
869,217.25,220.25,STOP,STOP,0.9333,0.532,STOP,STOP
870,217.50,220.50,STOP,STOP,0.9439,0.564,STOP,STOP
871,217.75,220.75,STOP,STOP,0.9466,0.574,STOP,STOP
872,218.00,221.00,STOP,STOP,0.9524,0.536,STOP,STOP
873,218.25,221.25,STOP,STOP,0.9458,0.506,STOP,STOP
874,218.50,221.50,STOP,STOP,0.9486,0.528,STOP,STOP
875,218.75,221.75,STOP,STOP,0.9518,0.528,STOP,STOP
876,219.00,222.00,STOP,STOP,0.9517,0.529,STOP,STOP
877,219.25,222.25,STOP,STOP,0.9400,0.471,STOP,STOP
878,219.50,222.50,STOP,STOP,0.9360,0.450,STOP,STOP
879,219.75,222.75,STOP,STOP,0.9311,0.526,STOP,STOP
880,220.00,223.00,WALK,STOP,0.9380,0.680,STOP,STOP
881,220.25,223.25,WALK,STOP,0.9724,0.969,STOP,STOP
882,220.50,223.50,WALK,STOP,0.9470,1.021,STOP,STOP
883,220.75,223.75,WALK,STOP,0.8434,0.881,STOP,STOP
884,221.00,224.00,WALK,STOP,0.5529,0.730,STOP,STOP
885,221.25,224.25,WALK,WALK,0.5698,0.849,WALK,STOP
886,221.50,224.50,WALK,STOP,0.5703,0.924,STOP,WALK
887,221.75,224.75,WALK,WALK,0.6283,0.898,WALK,WALK
888,222.00,225.00,WALK,WALK,0.8627,0.903,WALK,WALK
889,222.25,225.25,WALK,WALK,0.9395,0.906,WALK,WALK
890,222.50,225.50,WALK,WALK,0.9379,0.995,WALK,WALK
891,222.75,225.75,WALK,WALK,0.9657,1.159,WALK,WALK
892,223.00,226.00,WALK,WALK,0.9588,1.304,WALK,WALK
893,223.25,226.25,WALK,WALK,0.9658,1.465,WALK,WALK
894,223.50,226.50,WALK,WALK,0.9311,1.631,WALK,WALK
895,223.75,226.75,WALK,WALK,0.9076,1.745,WALK,WALK
896,224.00,227.00,WALK,WALK,0.9003,1.861,WALK,WALK
897,224.25,227.25,WALK,WALK,0.9839,2.149,WALK,WALK
898,224.50,227.50,WALK,WALK,0.9594,2.110,WALK,WALK
899,224.75,227.75,WALK,WALK,0.9607,2.026,WALK,WALK
900,225.00,228.00,WALK,WALK,0.7825,1.773,WALK,WALK
901,225.25,228.25,WALK,WALK,0.7174,1.425,WALK,WALK
902,225.50,228.50,WALK,WALK,0.8627,1.250,WALK,WALK
903,225.75,228.75,WALK,WALK,0.9563,1.205,WALK,WALK
904,226.00,229.00,WALK,WALK,0.9711,1.189,WALK,WALK
905,226.25,229.25,WALK,WALK,0.9153,1.076,WALK,WALK
906,226.50,229.50,WALK,WALK,0.9374,0.992,WALK,WALK
907,226.75,229.75,WALK,WALK,0.9009,0.838,WALK,WALK
908,227.00,230.00,WALK,WALK,0.8981,0.887,WALK,WALK
909,227.25,230.25,WALK,WALK,0.9114,0.936,WALK,WALK
910,227.50,230.50,WALK,WALK,0.9431,0.929,WALK,WALK
911,227.75,230.75,WALK,WALK,0.9163,0.760,WALK,WALK
912,228.00,231.00,WALK,WALK,0.9449,0.730,WALK,WALK
913,228.25,231.25,WALK,WALK,0.9292,0.781,WALK,WALK
914,228.50,231.50,WALK,WALK,0.9317,0.942,WALK,WALK
915,228.75,231.75,WALK,WALK,0.9076,1.289,WALK,WALK
916,229.00,232.00,WALK,WALK,0.8804,1.989,WALK,WALK
917,229.25,232.25,WALK,WALK,0.8058,2.797,WALK,WALK
918,229.50,232.50,WALK,WALK,0.6538,3.258,WALK,WALK
919,229.75,232.75,WALK,WALK,0.6657,3.366,WALK,WALK
920,230.00,233.00,WALK,WALK,0.5814,3.016,WALK,WALK
921,230.25,233.25,WALK,WALK,0.8569,2.563,WALK,WALK
922,230.50,233.50,WALK,WALK,0.9464,2.106,WALK,WALK
923,230.75,233.75,WALK,WALK,0.8620,1.525,WALK,WALK
924,231.00,234.00,WALK,STOP,0.5709,0.983,STOP,STOP
925,231.25,234.25,WALK,STOP,0.7267,0.801,STOP,STOP
926,231.50,234.50,WALK,STOP,0.8825,0.747,STOP,STOP
927,231.75,234.75,WALK,STOP,0.8504,0.749,STOP,STOP
928,232.00,235.00,WALK,STOP,0.8722,0.725,STOP,STOP
929,232.25,235.25,WALK,STOP,0.6838,0.609,STOP,STOP
930,232.50,235.50,WALK,STOP,0.8690,0.650,STOP,STOP
931,232.75,235.75,STOP,STOP,0.9467,0.689,STOP,STOP
932,233.00,236.00,STOP,STOP,0.9382,0.676,STOP,STOP
933,233.25,236.25,STOP,STOP,0.9366,0.699,STOP,STOP
934,233.50,236.50,STOP,STOP,0.9069,0.660,STOP,STOP
935,233.75,236.75,STOP,STOP,0.9051,0.638,STOP,STOP
936,234.00,237.00,STOP,STOP,0.8523,0.538,STOP,STOP
937,234.25,237.25,STOP,STOP,0.7030,0.459,STOP,STOP
938,234.50,237.50,STOP,STOP,0.5259,0.374,STOP,STOP
939,234.75,237.75,STOP,STOP,0.5880,0.327,STOP,STOP
940,235.00,238.00,STOP,STOP,0.5228,0.336,STOP,STOP
941,235.25,238.25,STOP,STOP,0.5165,0.311,STOP,STOP
942,235.50,238.50,STOP,STOP,0.5047,0.302,STOP,STOP
943,235.75,238.75,STOP,STOP,0.5075,0.310,STOP,STOP
944,236.00,239.00,STOP,STOP,0.5567,0.315,STOP,STOP
945,236.25,239.25,STOP,STOP,0.5158,0.365,STOP,STOP
946,236.50,239.50,STOP,STOP,0.8944,0.546,STOP,STOP
947,236.75,239.75,STOP,STOP,0.9615,0.717,STOP,STOP
948,237.00,240.00,STOP,STOP,0.9810,0.798,STOP,STOP
949,237.25,240.25,STOP,STOP,0.9829,0.830,STOP,STOP
950,237.50,240.50,STOP,STOP,0.9895,0.920,STOP,STOP
951,237.75,240.75,STOP,STOP,0.9810,0.919,STOP,STOP
952,238.00,241.00,STOP,STOP,0.9612,0.813,STOP,STOP
953,238.25,241.25,STOP,STOP,0.8948,0.668,STOP,STOP
954,238.50,241.50,STOP,STOP,0.9548,0.683,STOP,STOP
955,238.75,241.75,STOP,STOP,0.9617,0.679,STOP,STOP
956,239.00,242.00,STOP,STOP,0.9201,0.554,STOP,STOP
957,239.25,242.25,STOP,STOP,0.7467,0.476,STOP,STOP
958,239.50,242.50,STOP,WALK,0.6501,0.345,WALK,WALK
959,239.75,242.75,STOP,WALK,0.8945,0.451,WALK,WALK
960,240.00,243.00,STOP,WALK,0.8042,0.654,WALK,WALK
961,240.25,243.25,STOP,WALK,0.5406,0.899,WALK,WALK
962,240.50,243.50,STOP,STOP,0.7657,1.200,STOP,STOP
963,240.75,243.75,STOP,STOP,0.9145,1.380,STOP,STOP
964,241.00,244.00,STOP,STOP,0.9521,1.465,STOP,STOP
965,241.25,244.25,STOP,STOP,0.9078,1.357,STOP,STOP
966,241.50,244.50,STOP,STOP,0.5187,1.048,STOP,STOP
967,241.75,244.75,STOP,WALK,0.9352,0.714,WALK,WALK
968,242.00,245.00,STOP,WALK,0.8195,0.485,WALK,WALK
969,242.25,245.25,STOP,WALK,0.5960,0.762,WALK,WALK
970,242.50,245.50,STOP,STOP,0.8492,1.118,STOP,STOP
971,242.75,245.75,STOP,STOP,0.9208,1.262,STOP,STOP
972,243.00,246.00,STOP,STOP,0.8968,1.248,STOP,STOP
973,243.25,246.25,STOP,STOP,0.8928,1.200,STOP,STOP
974,243.50,246.50,STOP,STOP,0.8999,1.196,STOP,STOP
975,243.75,246.75,STOP,STOP,0.9131,1.217,STOP,STOP
976,244.00,247.00,STOP,STOP,0.8739,1.181,STOP,STOP
977,244.25,247.25,STOP,STOP,0.8560,1.198,STOP,STOP
978,244.50,247.50,STOP,STOP,0.7413,1.203,STOP,STOP
979,244.75,247.75,STOP,WALK,0.7036,1.169,WALK,STOP
