holdout_session,n_train_sessions,combo_index,train_sessions,model_seed,commit_sha,n_training_windows,n_training_stop,n_training_walk,selected_features,raw_accuracy,raw_balanced_accuracy,accuracy,balanced_accuracy,walk_recall,stop_recall,walk_support,stop_support,n_windows,dominant_fraction,collapse_warning
ses-01,1,1,ses-02,42,25047c459adb0205705cd17abc37bdd952343e45,69,45,24,84;13;83;82;40;67;19;18;23;10;6;1;75;21;2;11;22;26;48;15;3;81;17;5;7,0.8367346938775511,0.844876381694879,0.8438775510204082,0.8533356472828892,0.8907103825136612,0.8159609120521173,366,614,980,0.5520408163265306,False
ses-01,1,1,ses-02,123,25047c459adb0205705cd17abc37bdd952343e45,69,45,24,84;13;83;82;40;67;19;18;23;10;6;1;75;21;2;11;22;26;48;15;3;81;17;5;7,0.8367346938775511,0.844876381694879,0.8438775510204082,0.8533356472828892,0.8907103825136612,0.8159609120521173,366,614,980,0.5520408163265306,False
ses-01,1,1,ses-02,2026,25047c459adb0205705cd17abc37bdd952343e45,69,45,24,84;13;83;82;40;67;19;18;23;10;6;1;75;21;2;11;22;26;48;15;3;81;17;5;7,0.8367346938775511,0.844876381694879,0.8438775510204082,0.8533356472828892,0.8907103825136612,0.8159609120521173,366,614,980,0.5520408163265306,False
ses-01,1,2,ses-04,42,25047c459adb0205705cd17abc37bdd952343e45,69,45,24,13;40;67;10;82;84;83;19;18;37;6;1;15;20;21;52;64;42;2;11;36;23;39;73;75,0.8673469387755102,0.8819974724551005,0.8755102040816326,0.889615706377601,0.9453551912568307,0.8338762214983714,366,614,980,0.5428571428571428,False
ses-01,1,2,ses-04,123,25047c459adb0205705cd17abc37bdd952343e45,69,45,24,13;40;67;10;82;84;83;19;18;37;6;1;15;20;21;52;64;42;2;11;36;23;39;73;75,0.8673469387755102,0.8819974724551005,0.8755102040816326,0.889615706377601,0.9453551912568307,0.8338762214983714,366,614,980,0.5428571428571428,False
ses-01,1,2,ses-04,2026,25047c459adb0205705cd17abc37bdd952343e45,69,45,24,13;40;67;10;82;84;83;19;18;37;6;1;15;20;21;52;64;42;2;11;36;23;39;73;75,0.8673469387755102,0.8819974724551005,0.8755102040816326,0.889615706377601,0.9453551912568307,0.8338762214983714,366,614,980,0.5428571428571428,False
ses-01,1,3,ses-05,42,25047c459adb0205705cd17abc37bdd952343e45,69,45,24,13;67;40;79;10;25;66;52;64;37;8;39;12;82;43;70;84;83;46;45;62;20;19;73;18,0.7938775510204081,0.8139851551236184,0.810204081632653,0.8314287748527083,0.9153005464480874,0.747557003257329,366,614,980,0.5,False
ses-01,1,3,ses-05,123,25047c459adb0205705cd17abc37bdd952343e45,69,45,24,13;67;40;79;10;25;66;52;64;37;8;39;12;82;43;70;84;83;46;45;62;20;19;73;18,0.7938775510204081,0.8139851551236184,0.810204081632653,0.8314287748527083,0.9153005464480874,0.747557003257329,366,614,980,0.5,False
ses-01,1,3,ses-05,2026,25047c459adb0205705cd17abc37bdd952343e45,69,45,24,13;67;40;79;10;25;66;52;64;37;8;39;12;82;43;70;84;83;46;45;62;20;19;73;18,0.7938775510204081,0.8139851551236184,0.810204081632653,0.8314287748527083,0.9153005464480874,0.747557003257329,366,614,980,0.5,False
ses-01,2,1,ses-02;ses-03,42,25047c459adb0205705cd17abc37bdd952343e45,138,90,48,13;84;82;67;40;10;19;18;21;23;1;6;22;2;11;75;83;48;26;15;73;3;72;64;7,0.8459183673469388,0.8560678877200477,0.8479591836734693,0.858248340186184,0.8989071038251366,0.8175895765472313,366,614,980,0.55,False
ses-01,2,1,ses-02;ses-03,123,25047c459adb0205705cd17abc37bdd952343e45,138,90,48,13;84;82;67;40;10;19;18;21;23;1;6;22;2;11;75;83;48;26;15;73;3;72;64;7,0.8459183673469388,0.8560678877200477,0.8479591836734693,0.858248340186184,0.8989071038251366,0.8175895765472313,366,614,980,0.55,False
ses-01,2,1,ses-02;ses-03,2026,25047c459adb0205705cd17abc37bdd952343e45,138,90,48,13;84;82;67;40;10;19;18;21;23;1;6;22;2;11;75;83;48;26;15;73;3;72;64;7,0.8459183673469388,0.8560678877200477,0.8479591836734693,0.858248340186184,0.8989071038251366,0.8175895765472313,366,614,980,0.55,False
ses-01,2,2,ses-04;ses-05,42,25047c459adb0205705cd17abc37bdd952343e45,138,90,48,13;40;67;10;52;64;37;83;82;84;25;19;39;18;20;66;79;21;6;1;46;45;73;72;11,0.8806122448979592,0.8947909435574304,0.889795918367347,0.9048788736405546,0.9644808743169399,0.8452768729641694,366,614,980,0.5428571428571428,False
ses-01,2,2,ses-04;ses-05,123,25047c459adb0205705cd17abc37bdd952343e45,138,90,48,13;40;67;10;52;64;37;83;82;84;25;19;39;18;20;66;79;21;6;1;46;45;73;72;11,0.8806122448979592,0.8947909435574304,0.889795918367347,0.9048788736405546,0.9644808743169399,0.8452768729641694,366,614,980,0.5428571428571428,False
ses-01,2,2,ses-04;ses-05,2026,25047c459adb0205705cd17abc37bdd952343e45,138,90,48,13;40;67;10;52;64;37;83;82;84;25;19;39;18;20;66;79;21;6;1;46;45;73;72;11,0.8806122448979592,0.8947909435574304,0.889795918367347,0.9048788736405546,0.9644808743169399,0.8452768729641694,366,614,980,0.5428571428571428,False
ses-01,2,3,ses-04;ses-06,42,25047c459adb0205705cd17abc37bdd952343e45,138,90,48,13;40;82;84;10;67;23;6;1;83;19;18;11;2;15;26;37;64;20;52;73;36;72;43;7,0.8275510204081633,0.8369956034958438,0.8387755102040816,0.8476086221320376,0.8825136612021858,0.8127035830618893,366,614,980,0.5530612244897959,False
ses-01,2,3,ses-04;ses-06,123,25047c459adb0205705cd17abc37bdd952343e45,138,90,48,13;40;82;84;10;67;23;6;1;83;19;18;11;2;15;26;37;64;20;52;73;36;72;43;7,0.8275510204081633,0.8369956034958438,0.8387755102040816,0.8476086221320376,0.8825136612021858,0.8127035830618893,366,614,980,0.5530612244897959,False
ses-01,2,3,ses-04;ses-06,2026,25047c459adb0205705cd17abc37bdd952343e45,138,90,48,13;40;82;84;10;67;23;6;1;83;19;18;11;2;15;26;37;64;20;52;73;36;72;43;7,0.8275510204081633,0.8369956034958438,0.8387755102040816,0.8476086221320376,0.8825136612021858,0.8127035830618893,366,614,980,0.5530612244897959,False
ses-01,4,1,ses-02;ses-05;ses-06;ses-07,42,25047c459adb0205705cd17abc37bdd952343e45,276,180,96,13;84;40;67;82;10;83;1;6;19;18;64;2;11;37;26;23;20;43;73;72;79;52;3;74,0.8326530612244898,0.8465851444438511,0.8397959183673469,0.8550444100318613,0.9153005464480874,0.7947882736156352,366,614,980,0.5295918367346939,False
ses-01,4,1,ses-02;ses-05;ses-06;ses-07,123,25047c459adb0205705cd17abc37bdd952343e45,276,180,96,13;84;40;67;82;10;83;1;6;19;18;64;2;11;37;26;23;20;43;73;72;79;52;3;74,0.8326530612244898,0.8465851444438511,0.8397959183673469,0.8550444100318613,0.9153005464480874,0.7947882736156352,366,614,980,0.5295918367346939,False
ses-01,4,1,ses-02;ses-05;ses-06;ses-07,2026,25047c459adb0205705cd17abc37bdd952343e45,276,180,96,13;84;40;67;82;10;83;1;6;19;18;64;2;11;37;26;23;20;43;73;72;79;52;3;74,0.8326530612244898,0.8465851444438511,0.8397959183673469,0.8550444100318613,0.9153005464480874,0.7947882736156352,366,614,980,0.5295918367346939,False
ses-01,4,2,ses-03;ses-05;ses-06;ses-07,42,25047c459adb0205705cd17abc37bdd952343e45,276,180,96,13;40;67;10;84;82;64;1;6;19;18;2;11;37;83;52;79;26;73;20;23;72;43;66;9,0.8346938775510204,0.8404887773446539,0.8428571428571429,0.849762375180221,0.8770491803278688,0.8224755700325733,366,614,980,0.5612244897959183,False
ses-01,4,2,ses-03;ses-05;ses-06;ses-07,123,25047c459adb0205705cd17abc37bdd952343e45,276,180,96,13;40;67;10;84;82;64;1;6;19;18;2;11;37;83;52;79;26;73;20;23;72;43;66;9,0.8346938775510204,0.8404887773446539,0.8428571428571429,0.849762375180221,0.8770491803278688,0.8224755700325733,366,614,980,0.5612244897959183,False
ses-01,4,2,ses-03;ses-05;ses-06;ses-07,2026,25047c459adb0205705cd17abc37bdd952343e45,276,180,96,13;40;67;10;84;82;64;1;6;19;18;2;11;37;83;52;79;26;73;20;23;72;43;66;9,0.8346938775510204,0.8404887773446539,0.8428571428571429,0.849762375180221,0.8770491803278688,0.8224755700325733,366,614,980,0.5612244897959183,False
ses-01,4,3,ses-03;ses-05;ses-06;ses-08,42,25047c459adb0205705cd17abc37bdd952343e45,276,180,96,13;10;40;82;67;84;1;6;19;18;2;11;64;23;37;26;20;52;73;72;83;22;3;15;9,0.7989795918367347,0.807572844911981,0.7989795918367347,0.8081246328830032,0.8442622950819673,0.7719869706840391,366,614,980,0.5418367346938775,False
ses-01,4,3,ses-03;ses-05;ses-06;ses-08,123,25047c459adb0205705cd17abc37bdd952343e45,276,180,96,13;10;40;82;67;84;1;6;19;18;2;11;64;23;37;26;20;52;73;72;83;22;3;15;9,0.7989795918367347,0.807572844911981,0.7989795918367347,0.8081246328830032,0.8442622950819673,0.7719869706840391,366,614,980,0.5418367346938775,False
ses-01,4,3,ses-03;ses-05;ses-06;ses-08,2026,25047c459adb0205705cd17abc37bdd952343e45,276,180,96,13;10;40;82;67;84;1;6;19;18;2;11;64;23;37;26;20;52;73;72;83;22;3;15;9,0.7989795918367347,0.807572844911981,0.7989795918367347,0.8081246328830032,0.8442622950819673,0.7719869706840391,366,614,980,0.5418367346938775,False
ses-01,7,1,ses-02;ses-03;ses-04;ses-05;ses-06;ses-07;ses-08,42,25047c459adb0205705cd17abc37bdd952343e45,483,315,168,13;40;67;10;84;82;1;6;19;18;2;11;64;83;37;20;26;23;73;72;52;15;3;46;45,0.8153061224489796,0.8266718285541375,0.8275510204081633,0.8403063313219772,0.8907103825136612,0.7899022801302932,366,614,980,0.5357142857142857,False
ses-01,7,1,ses-02;ses-03;ses-04;ses-05;ses-06;ses-07;ses-08,123,25047c459adb0205705cd17abc37bdd952343e45,483,315,168,13;40;67;10;84;82;1;6;19;18;2;11;64;83;37;20;26;23;73;72;52;15;3;46;45,0.8153061224489796,0.8266718285541375,0.8275510204081633,0.8403063313219772,0.8907103825136612,0.7899022801302932,366,614,980,0.5357142857142857,False
ses-01,7,1,ses-02;ses-03;ses-04;ses-05;ses-06;ses-07;ses-08,2026,25047c459adb0205705cd17abc37bdd952343e45,483,315,168,13;40;67;10;84;82;1;6;19;18;2;11;64;83;37;20;26;23;73;72;52;15;3;46;45,0.8153061224489796,0.8266718285541375,0.8275510204081633,0.8403063313219772,0.8907103825136612,0.7899022801302932,366,614,980,0.5357142857142857,False
ses-02,1,1,ses-03,42,25047c459adb0205705cd17abc37bdd952343e45,69,45,24,13;67;40;84;82;21;10;75;19;23;18;22;1;6;48;11;2;9;64;66;73;72;15;26;52,0.8734693877551021,0.8752959185489757,0.8806122448979592,0.8837551841369858,0.8961748633879781,0.8713355048859935,366,614,980,0.5846938775510204,False
ses-02,1,1,ses-03,123,25047c459adb0205705cd17abc37bdd952343e45,69,45,24,13;67;40;84;82;21;10;75;19;23;18;22;1;6;48;11;2;9;64;66;73;72;15;26;52,0.8734693877551021,0.8752959185489757,0.8806122448979592,0.8837551841369858,0.8961748633879781,0.8713355048859935,366,614,980,0.5846938775510204,False
ses-02,1,1,ses-03,2026,25047c459adb0205705cd17abc37bdd952343e45,69,45,24,13;67;40;84;82;21;10;75;19;23;18;22;1;6;48;11;2;9;64;66;73;72;15;26;52,0.8734693877551021,0.8752959185489757,0.8806122448979592,0.8837551841369858,0.8961748633879781,0.8713355048859935,366,614,980,0.5846938775510204,False
ses-02,1,2,ses-06,42,25047c459adb0205705cd17abc37bdd952343e45,69,45,24,84;82;23;10;83;13;40;6;1;67;19;26;11;2;18;15;22;37;17;7;5;64;20;71;3,0.8418367346938775,0.8257729481497302,0.8448979591836735,0.8287677328634235,0.7650273224043715,0.8925081433224755,366,614,980,0.6469387755102041,False
ses-02,1,2,ses-06,123,25047c459adb0205705cd17abc37bdd952343e45,69,45,24,84;82;23;10;83;13;40;6;1;67;19;26;11;2;18;15;22;37;17;7;5;64;20;71;3,0.8418367346938775,0.8257729481497302,0.8448979591836735,0.8287677328634235,0.7650273224043715,0.8925081433224755,366,614,980,0.6469387755102041,False
ses-02,1,2,ses-06,2026,25047c459adb0205705cd17abc37bdd952343e45,69,45,24,84;82;23;10;83;13;40;6;1;67;19;26;11;2;18;15;22;37;17;7;5;64;20;71;3,0.8418367346938775,0.8257729481497302,0.8448979591836735,0.8287677328634235,0.7650273224043715,0.8925081433224755,366,614,980,0.6469387755102041,False
ses-02,1,3,ses-07,42,25047c459adb0205705cd17abc37bdd952343e45,69,45,24,13;67;40;10;64;82;84;37;20;79;52;1;6;2;11;74;25;66;43;83;73;47;19;72;33,0.8806122448979592,0.8721676367455189,0.8857142857142857,0.8773428739253484,0.8442622950819673,0.9104234527687296,366,614,980,0.6285714285714286,False
ses-02,1,3,ses-07,123,25047c459adb0205705cd17abc37bdd952343e45,69,45,24,13;67;40;10;64;82;84;37;20;79;52;1;6;2;11;74;25;66;43;83;73;47;19;72;33,0.8806122448979592,0.8721676367455189,0.8857142857142857,0.8773428739253484,0.8442622950819673,0.9104234527687296,366,614,980,0.6285714285714286,False
ses-02,1,3,ses-07,2026,25047c459adb0205705cd17abc37bdd952343e45,69,45,24,13;67;40;10;64;82;84;37;20;79;52;1;6;2;11;74;25;66;43;83;73;47;19;72;33,0.8806122448979592,0.8721676367455189,0.8857142857142857,0.8773428739253484,0.8442622950819673,0.9104234527687296,366,614,980,0.6285714285714286,False
ses-02,2,1,ses-03;ses-04,42,25047c459adb0205705cd17abc37bdd952343e45,138,90,48,13;40;67;10;84;82;21;19;18;1;6;2;11;23;75;64;83;48;15;52;73;72;37;26;20,0.8979591836734694,0.9042202879977217,0.9010204081632653,0.9061114967693704,0.9262295081967213,0.8859934853420195,366,614,980,0.5826530612244898,False
ses-02,2,1,ses-03;ses-04,123,25047c459adb0205705cd17abc37bdd952343e45,138,90,48,13;40;67;10;84;82;21;19;18;1;6;2;11;23;75;64;83;48;15;52;73;72;37;26;20,0.8979591836734694,0.9042202879977217,0.9010204081632653,0.9061114967693704,0.9262295081967213,0.8859934853420195,366,614,980,0.5826530612244898,False
ses-02,2,1,ses-03;ses-04,2026,25047c459adb0205705cd17abc37bdd952343e45,138,90,48,13;40;67;10;84;82;21;19;18;1;6;2;11;23;75;64;83;48;15;52;73;72;37;26;20,0.8979591836734694,0.9042202879977217,0.9010204081632653,0.9061114967693704,0.9262295081967213,0.8859934853420195,366,614,980,0.5826530612244898,False
ses-02,2,2,ses-04;ses-05,42,25047c459adb0205705cd17abc37bdd952343e45,138,90,48,13;40;67;10;52;64;37;83;82;84;25;19;39;18;20;66;79;21;6;1;46;45;73;72;11,0.9010204081632653,0.9016971930011926,0.9081632653061225,0.9101564585892028,0.9180327868852459,0.9022801302931596,366,614,980,0.5959183673469388,False
ses-02,2,2,ses-04;ses-05,123,25047c459adb0205705cd17abc37bdd952343e45,138,90,48,13;40;67;10;52;64;37;83;82;84;25;19;39;18;20;66;79;21;6;1;46;45;73;72;11,0.9010204081632653,0.9016971930011926,0.9081632653061225,0.9101564585892028,0.9180327868852459,0.9022801302931596,366,614,980,0.5959183673469388,False
ses-02,2,2,ses-04;ses-05,2026,25047c459adb0205705cd17abc37bdd952343e45,138,90,48,13;40;67;10;52;64;37;83;82;84;25;19;39;18;20;66;79;21;6;1;46;45;73;72;11,0.9010204081632653,0.9016971930011926,0.9081632653061225,0.9101564585892028,0.9180327868852459,0.9022801302931596,366,614,980,0.5959183673469388,False
ses-02,2,3,ses-04;ses-08,42,25047c459adb0205705cd17abc37bdd952343e45,138,90,48,13;40;10;67;82;84;6;1;2;11;20;19;18;64;37;52;83;15;47;26;73;72;74;3;46,0.8612244897959184,0.8566953240419359,0.8653061224489796,0.8605044410031861,0.8415300546448088,0.8794788273615635,366,614,980,0.610204081632653,False
ses-02,2,3,ses-04;ses-08,123,25047c459adb0205705cd17abc37bdd952343e45,138,90,48,13;40;10;67;82;84;6;1;2;11;20;19;18;64;37;52;83;15;47;26;73;72;74;3;46,0.8612244897959184,0.8566953240419359,0.8653061224489796,0.8605044410031861,0.8415300546448088,0.8794788273615635,366,614,980,0.610204081632653,False
ses-02,2,3,ses-04;ses-08,2026,25047c459adb0205705cd17abc37bdd952343e45,138,90,48,13;40;10;67;82;84;6;1;2;11;20;19;18;64;37;52;83;15;47;26;73;72;74;3;46,0.8612244897959184,0.8566953240419359,0.8653061224489796,0.8605044410031861,0.8415300546448088,0.8794788273615635,366,614,980,0.610204081632653,False
ses-02,4,1,ses-01;ses-03;ses-04;ses-07,42,25047c459adb0205705cd17abc37bdd952343e45,276,180,96,13;40;67;84;82;10;1;6;19;18;2;11;64;83;73;37;9;72;15;43;23;26;74;3;52,0.8979591836734694,0.895391680461366,0.9010204081632653,0.8994900411171036,0.8934426229508197,0.9055374592833876,366,614,980,0.6071428571428571,False
ses-02,4,1,ses-01;ses-03;ses-04;ses-07,123,25047c459adb0205705cd17abc37bdd952343e45,276,180,96,13;40;67;84;82;10;1;6;19;18;2;11;64;83;73;37;9;72;15;43;23;26;74;3;52,0.8979591836734694,0.895391680461366,0.9010204081632653,0.8994900411171036,0.8934426229508197,0.9055374592833876,366,614,980,0.6071428571428571,False
ses-02,4,1,ses-01;ses-03;ses-04;ses-07,2026,25047c459adb0205705cd17abc37bdd952343e45,276,180,96,13;40;67;84;82;10;1;6;19;18;2;11;64;83;73;37;9;72;15;43;23;26;74;3;52,0.8979591836734694,0.895391680461366,0.9010204081632653,0.8994900411171036,0.8934426229508197,0.9055374592833876,366,614,980,0.6071428571428571,False
ses-02,4,2,ses-01;ses-05;ses-06;ses-08,42,25047c459adb0205705cd17abc37bdd952343e45,276,180,96,13;40;67;82;84;10;1;6;19;83;18;2;11;64;23;37;9;15;3;26;43;46;45;73;79,0.8683673469387755,0.8745349851373241,0.8724489795918368,0.8788958900695965,0.9043715846994536,0.8534201954397395,366,614,980,0.5704081632653061,False
ses-02,4,2,ses-01;ses-05;ses-06;ses-08,123,25047c459adb0205705cd17abc37bdd952343e45,276,180,96,13;40;67;82;84;10;1;6;19;83;18;2;11;64;23;37;9;15;3;26;43;46;45;73;79,0.8683673469387755,0.8745349851373241,0.8724489795918368,0.8788958900695965,0.9043715846994536,0.8534201954397395,366,614,980,0.5704081632653061,False
ses-02,4,2,ses-01;ses-05;ses-06;ses-08,2026,25047c459adb0205705cd17abc37bdd952343e45,276,180,96,13;40;67;82;84;10;1;6;19;83;18;2;11;64;23;37;9;15;3;26;43;46;45;73;79,0.8683673469387755,0.8745349851373241,0.8724489795918368,0.8788958900695965,0.9043715846994536,0.8534201954397395,366,614,980,0.5704081632653061,False
ses-02,4,3,ses-03;ses-05;ses-06;ses-08,42,25047c459adb0205705cd17abc37bdd952343e45,276,180,96,13;10;40;82;67;84;1;6;19;18;2;11;64;23;37;26;20;52;73;72;83;22;3;15;9,0.8520408163265306,0.8581949413502785,0.8551020408163266,0.8611897260639718,0.8852459016393442,0.8371335504885994,366,614,980,0.5673469387755102,False
ses-02,4,3,ses-03;ses-05;ses-06;ses-08,123,25047c459adb0205705cd17abc37bdd952343e45,276,180,96,13;10;40;82;67;84;1;6;19;18;2;11;64;23;37;26;20;52;73;72;83;22;3;15;9,0.8520408163265306,0.8581949413502785,0.8551020408163266,0.8611897260639718,0.8852459016393442,0.8371335504885994,366,614,980,0.5673469387755102,False
ses-02,4,3,ses-03;ses-05;ses-06;ses-08,2026,25047c459adb0205705cd17abc37bdd952343e45,276,180,96,13;10;40;82;67;84;1;6;19;18;2;11;64;23;37;26;20;52;73;72;83;22;3;15;9,0.8520408163265306,0.8581949413502785,0.8551020408163266,0.8611897260639718,0.8852459016393442,0.8371335504885994,366,614,980,0.5673469387755102,False
ses-02,7,1,ses-01;ses-03;ses-04;ses-05;ses-06;ses-07;ses-08,42,25047c459adb0205705cd17abc37bdd952343e45,483,315,168,13;40;67;10;82;84;1;6;19;18;64;2;11;83;37;23;73;26;20;72;52;15;3;79;9,0.8826530612244898,0.8848320606610776,0.8938775510204081,0.8965486552393158,0.907103825136612,0.8859934853420195,366,614,980,0.5897959183673469,False
ses-02,7,1,ses-01;ses-03;ses-04;ses-05;ses-06;ses-07;ses-08,123,25047c459adb0205705cd17abc37bdd952343e45,483,315,168,13;40;67;10;82;84;1;6;19;18;64;2;11;83;37;23;73;26;20;72;52;15;3;79;9,0.8826530612244898,0.8848320606610776,0.8938775510204081,0.8965486552393158,0.907103825136612,0.8859934853420195,366,614,980,0.5897959183673469,False
ses-02,7,1,ses-01;ses-03;ses-04;ses-05;ses-06;ses-07;ses-08,2026,25047c459adb0205705cd17abc37bdd952343e45,483,315,168,13;40;67;10;82;84;1;6;19;18;64;2;11;83;37;23;73;26;20;72;52;15;3;79;9,0.8826530612244898,0.8848320606610776,0.8938775510204081,0.8965486552393158,0.907103825136612,0.8859934853420195,366,614,980,0.5897959183673469,False
ses-03,1,1,ses-02,42,25047c459adb0205705cd17abc37bdd952343e45,69,45,24,84;13;83;82;40;67;19;18;23;10;6;1;75;21;2;11;22;26;48;15;3;81;17;5;7,0.8969387755102041,0.8918184083586977,0.9091836734693878,0.9054529111265375,0.8907103825136612,0.9201954397394136,366,614,980,0.6173469387755102,False
ses-03,1,1,ses-02,123,25047c459adb0205705cd17abc37bdd952343e45,69,45,24,84;13;83;82;40;67;19;18;23;10;6;1;75;21;2;11;22;26;48;15;3;81;17;5;7,0.8969387755102041,0.8918184083586977,0.9091836734693878,0.9054529111265375,0.8907103825136612,0.9201954397394136,366,614,980,0.6173469387755102,False
ses-03,1,1,ses-02,2026,25047c459adb0205705cd17abc37bdd952343e45,69,45,24,84;13;83;82;40;67;19;18;23;10;6;1;75;21;2;11;22;26;48;15;3;81;17;5;7,0.8969387755102041,0.8918184083586977,0.9091836734693878,0.9054529111265375,0.8907103825136612,0.9201954397394136,366,614,980,0.6173469387755102,False
ses-03,1,2,ses-05,42,25047c459adb0205705cd17abc37bdd952343e45,69,45,24,13;67;40;79;10;25;66;52;64;37;8;39;12;82;43;70;84;83;46;45;62;20;19;73;18,0.8530612244897959,0.8634235773660135,0.860204081632653,0.8696756910699347,0.907103825136612,0.8322475570032574,366,614,980,0.5561224489795918,False
ses-03,1,2,ses-05,123,25047c459adb0205705cd17abc37bdd952343e45,69,45,24,13;67;40;79;10;25;66;52;64;37;8;39;12;82;43;70;84;83;46;45;62;20;19;73;18,0.8530612244897959,0.8634235773660135,0.860204081632653,0.8696756910699347,0.907103825136612,0.8322475570032574,366,614,980,0.5561224489795918,False
ses-03,1,2,ses-05,2026,25047c459adb0205705cd17abc37bdd952343e45,69,45,24,13;67;40;79;10;25;66;52;64;37;8;39;12;82;43;70;84;83;46;45;62;20;19;73;18,0.8530612244897959,0.8634235773660135,0.860204081632653,0.8696756910699347,0.907103825136612,0.8322475570032574,366,614,980,0.5561224489795918,False
ses-03,1,3,ses-06,42,25047c459adb0205705cd17abc37bdd952343e45,69,45,24,84;82;23;10;83;13;40;6;1;67;19;26;11;2;18;15;22;37;17;7;5;64;20;71;3,0.823469387755102,0.789043448852815,0.8326530612244898,0.7996831669069614,0.6693989071038251,0.9299674267100977,366,614,980,0.7061224489795919,False
ses-03,1,3,ses-06,123,25047c459adb0205705cd17abc37bdd952343e45,69,45,24,84;82;23;10;83;13;40;6;1;67;19;26;11;2;18;15;22;37;17;7;5;64;20;71;3,0.823469387755102,0.789043448852815,0.8326530612244898,0.7996831669069614,0.6693989071038251,0.9299674267100977,366,614,980,0.7061224489795919,False
ses-03,1,3,ses-06,2026,25047c459adb0205705cd17abc37bdd952343e45,69,45,24,84;82;23;10;83;13;40;6;1;67;19;26;11;2;18;15;22;37;17;7;5;64;20;71;3,0.823469387755102,0.789043448852815,0.8326530612244898,0.7996831669069614,0.6693989071038251,0.9299674267100977,366,614,980,0.7061224489795919,False
ses-03,2,1,ses-01;ses-08,42,25047c459adb0205705cd17abc37bdd952343e45,138,90,48,13;40;67;82;84;1;6;10;2;11;19;18;3;15;9;64;74;46;45;83;26;23;7;5;51,0.8938775510204081,0.9037218988626048,0.8969387755102041,0.9061648956052759,0.9426229508196722,0.8697068403908795,366,614,980,0.5663265306122449,False
ses-03,2,1,ses-01;ses-08,123,25047c459adb0205705cd17abc37bdd952343e45,138,90,48,13;40;67;82;84;1;6;10;2;11;19;18;3;15;9;64;74;46;45;83;26;23;7;5;51,0.8938775510204081,0.9037218988626048,0.8969387755102041,0.9061648956052759,0.9426229508196722,0.8697068403908795,366,614,980,0.5663265306122449,False
ses-03,2,1,ses-01;ses-08,2026,25047c459adb0205705cd17abc37bdd952343e45,138,90,48,13;40;67;82;84;1;6;10;2;11;19;18;3;15;9;64;74;46;45;83;26;23;7;5;51,0.8938775510204081,0.9037218988626048,0.8969387755102041,0.9061648956052759,0.9426229508196722,0.8697068403908795,366,614,980,0.5663265306122449,False
ses-03,2,2,ses-05;ses-06,42,25047c459adb0205705cd17abc37bdd952343e45,138,90,48,13;10;40;82;84;67;37;64;83;19;23;18;6;1;52;43;11;2;79;26;73;20;72;15;9,0.8540816326530613,0.8719629412078818,0.8551020408163266,0.8716736975133943,0.9371584699453552,0.8061889250814332,366,614,980,0.5285714285714286,False
ses-03,2,2,ses-05;ses-06,123,25047c459adb0205705cd17abc37bdd952343e45,138,90,48,13;10;40;82;84;67;37;64;83;19;23;18;6;1;52;43;11;2;79;26;73;20;72;15;9,0.8540816326530613,0.8719629412078818,0.8551020408163266,0.8716736975133943,0.9371584699453552,0.8061889250814332,366,614,980,0.5285714285714286,False
ses-03,2,2,ses-05;ses-06,2026,25047c459adb0205705cd17abc37bdd952343e45,138,90,48,13;10;40;82;84;67;37;64;83;19;23;18;6;1;52;43;11;2;79;26;73;20;72;15;9,0.8540816326530613,0.8719629412078818,0.8551020408163266,0.8716736975133943,0.9371584699453552,0.8061889250814332,366,614,980,0.5285714285714286,False
ses-03,2,3,ses-07;ses-08,42,25047c459adb0205705cd17abc37bdd952343e45,138,90,48,13;40;67;10;82;84;1;6;64;2;11;20;19;37;18;52;74;79;3;25;73;26;7;5;72,0.8673469387755102,0.8853082002812338,0.8693877551020408,0.8869368647763478,0.9562841530054644,0.8175895765472313,366,614,980,0.5285714285714286,False
ses-03,2,3,ses-07;ses-08,123,25047c459adb0205705cd17abc37bdd952343e45,138,90,48,13;40;67;10;82;84;1;6;64;2;11;20;19;37;18;52;74;79;3;25;73;26;7;5;72,0.8673469387755102,0.8853082002812338,0.8693877551020408,0.8869368647763478,0.9562841530054644,0.8175895765472313,366,614,980,0.5285714285714286,False
ses-03,2,3,ses-07;ses-08,2026,25047c459adb0205705cd17abc37bdd952343e45,138,90,48,13;40;67;10;82;84;1;6;64;2;11;20;19;37;18;52;74;79;3;25;73;26;7;5;72,0.8673469387755102,0.8853082002812338,0.8693877551020408,0.8869368647763478,0.9562841530054644,0.8175895765472313,366,614,980,0.5285714285714286,False
ses-03,4,1,ses-01;ses-04;ses-07;ses-08,42,25047c459adb0205705cd17abc37bdd952343e45,276,180,96,13;40;67;82;84;10;1;6;2;11;64;19;18;83;37;20;74;3;73;26;72;15;46;45;79,0.8959183673469387,0.8976255317634075,0.9020408163265307,0.9041668891618162,0.912568306010929,0.8957654723127035,366,614,980,0.5938775510204082,False
ses-03,4,1,ses-01;ses-04;ses-07;ses-08,123,25047c459adb0205705cd17abc37bdd952343e45,276,180,96,13;40;67;82;84;10;1;6;2;11;64;19;18;83;37;20;74;3;73;26;72;15;46;45;79,0.8959183673469387,0.8976255317634075,0.9020408163265307,0.9041668891618162,0.912568306010929,0.8957654723127035,366,614,980,0.5938775510204082,False
ses-03,4,1,ses-01;ses-04;ses-07;ses-08,2026,25047c459adb0205705cd17abc37bdd952343e45,276,180,96,13;40;67;82;84;10;1;6;2;11;64;19;18;83;37;20;74;3;73;26;72;15;46;45;79,0.8959183673469387,0.8976255317634075,0.9020408163265307,0.9041668891618162,0.912568306010929,0.8957654723127035,366,614,980,0.5938775510204082,False
ses-03,4,2,ses-01;ses-05;ses-06;ses-08,42,25047c459adb0205705cd17abc37bdd952343e45,276,180,96,13;40;67;82;84;10;1;6;19;83;18;2;11;64;23;37;9;15;3;26;43;46;45;73;79,0.8928571428571429,0.900700414730959,0.8928571428571429,0.8995968387889144,0.9262295081967213,0.8729641693811075,366,614,980,0.5744897959183674,False
ses-03,4,2,ses-01;ses-05;ses-06;ses-08,123,25047c459adb0205705cd17abc37bdd952343e45,276,180,96,13;40;67;82;84;10;1;6;19;83;18;2;11;64;23;37;9;15;3;26;43;46;45;73;79,0.8928571428571429,0.900700414730959,0.8928571428571429,0.8995968387889144,0.9262295081967213,0.8729641693811075,366,614,980,0.5744897959183674,False
ses-03,4,2,ses-01;ses-05;ses-06;ses-08,2026,25047c459adb0205705cd17abc37bdd952343e45,276,180,96,13;40;67;82;84;10;1;6;19;83;18;2;11;64;23;37;9;15;3;26;43;46;45;73;79,0.8928571428571429,0.900700414730959,0.8928571428571429,0.8995968387889144,0.9262295081967213,0.8729641693811075,366,614,980,0.5744897959183674,False
ses-03,4,3,ses-02;ses-04;ses-06;ses-08,42,25047c459adb0205705cd17abc37bdd952343e45,276,180,96,13;84;82;40;10;67;6;1;19;83;18;2;11;23;26;20;15;64;37;3;73;5;7;72;46,0.8806122448979592,0.8854105480500525,0.8846938775510204,0.8886678770402805,0.9043715846994536,0.8729641693811075,366,614,980,0.5826530612244898,False
ses-03,4,3,ses-02;ses-04;ses-06;ses-08,123,25047c459adb0205705cd17abc37bdd952343e45,276,180,96,13;84;82;40;10;67;6;1;19;83;18;2;11;23;26;20;15;64;37;3;73;5;7;72;46,0.8806122448979592,0.8854105480500525,0.8846938775510204,0.8886678770402805,0.9043715846994536,0.8729641693811075,366,614,980,0.5826530612244898,False
ses-03,4,3,ses-02;ses-04;ses-06;ses-08,2026,25047c459adb0205705cd17abc37bdd952343e45,276,180,96,13;84;82;40;10;67;6;1;19;83;18;2;11;23;26;20;15;64;37;3;73;5;7;72;46,0.8806122448979592,0.8854105480500525,0.8846938775510204,0.8886678770402805,0.9043715846994536,0.8729641693811075,366,614,980,0.5826530612244898,False
ses-03,7,1,ses-01;ses-02;ses-04;ses-05;ses-06;ses-07;ses-08,42,25047c459adb0205705cd17abc37bdd952343e45,483,315,168,13;40;67;84;82;10;83;1;6;19;18;2;11;64;37;23;26;20;73;15;3;72;43;46;45,0.8877551020408163,0.8905590858119292,0.8887755102040816,0.8913734180594863,0.9016393442622951,0.8811074918566775,366,614,980,0.5887755102040816,False
ses-03,7,1,ses-01;ses-02;ses-04;ses-05;ses-06;ses-07;ses-08,123,25047c459adb0205705cd17abc37bdd952343e45,483,315,168,13;40;67;84;82;10;83;1;6;19;18;2;11;64;37;23;26;20;73;15;3;72;43;46;45,0.8877551020408163,0.8905590858119292,0.8887755102040816,0.8913734180594863,0.9016393442622951,0.8811074918566775,366,614,980,0.5887755102040816,False
ses-03,7,1,ses-01;ses-02;ses-04;ses-05;ses-06;ses-07;ses-08,2026,25047c459adb0205705cd17abc37bdd952343e45,483,315,168,13;40;67;84;82;10;83;1;6;19;18;2;11;64;37;23;26;20;73;15;3;72;43;46;45,0.8877551020408163,0.8905590858119292,0.8887755102040816,0.8913734180594863,0.9016393442622951,0.8811074918566775,366,614,980,0.5887755102040816,False
ses-04,1,1,ses-03,42,25047c459adb0205705cd17abc37bdd952343e45,69,45,24,13;67;40;84;82;21;10;75;19;23;18;22;1;6;48;11;2;9;64;66;73;72;15;26;52,0.826530612244898,0.8229383599437532,0.8346938775510204,0.831108381837276,0.8169398907103825,0.8452768729641694,366,614,980,0.5979591836734693,False
ses-04,1,1,ses-03,123,25047c459adb0205705cd17abc37bdd952343e45,69,45,24,13;67;40;84;82;21;10;75;19;23;18;22;1;6;48;11;2;9;64;66;73;72;15;26;52,0.826530612244898,0.8229383599437532,0.8346938775510204,0.831108381837276,0.8169398907103825,0.8452768729641694,366,614,980,0.5979591836734693,False
ses-04,1,1,ses-03,2026,25047c459adb0205705cd17abc37bdd952343e45,69,45,24,13;67;40;84;82;21;10;75;19;23;18;22;1;6;48;11;2;9;64;66;73;72;15;26;52,0.826530612244898,0.8229383599437532,0.8346938775510204,0.831108381837276,0.8169398907103825,0.8452768729641694,366,614,980,0.5979591836734693,False
ses-04,1,2,ses-07,42,25047c459adb0205705cd17abc37bdd952343e45,69,45,24,13;67;40;10;64;82;84;37;20;79;52;1;6;2;11;74;25;66;43;83;73;47;19;72;33,0.8775510204081632,0.8636549723216034,0.8806122448979592,0.8672015450063189,0.8142076502732241,0.9201954397394136,366,614,980,0.6459183673469387,False
ses-04,1,2,ses-07,123,25047c459adb0205705cd17abc37bdd952343e45,69,45,24,13;67;40;10;64;82;84;37;20;79;52;1;6;2;11;74;25;66;43;83;73;47;19;72;33,0.8775510204081632,0.8636549723216034,0.8806122448979592,0.8672015450063189,0.8142076502732241,0.9201954397394136,366,614,980,0.6459183673469387,False
ses-04,1,2,ses-07,2026,25047c459adb0205705cd17abc37bdd952343e45,69,45,24,13;67;40;10;64;82;84;37;20;79;52;1;6;2;11;74;25;66;43;83;73;47;19;72;33,0.8775510204081632,0.8636549723216034,0.8806122448979592,0.8672015450063189,0.8142076502732241,0.9201954397394136,366,614,980,0.6459183673469387,False
ses-04,1,3,ses-08,42,25047c459adb0205705cd17abc37bdd952343e45,69,45,24,13;82;10;40;84;67;1;6;2;11;20;19;18;64;3;74;37;47;26;5;7;52;73;72;15,0.7877551020408163,0.8151688293195208,0.7938775510204081,0.8233655506309963,0.9398907103825137,0.7068403908794788,366,614,980,0.5346938775510204,False
ses-04,1,3,ses-08,123,25047c459adb0205705cd17abc37bdd952343e45,69,45,24,13;82;10;40;84;67;1;6;2;11;20;19;18;64;3;74;37;47;26;5;7;52;73;72;15,0.7877551020408163,0.8151688293195208,0.7938775510204081,0.8233655506309963,0.9398907103825137,0.7068403908794788,366,614,980,0.5346938775510204,False
ses-04,1,3,ses-08,2026,25047c459adb0205705cd17abc37bdd952343e45,69,45,24,13;82;10;40;84;67;1;6;2;11;20;19;18;64;3;74;37;47;26;5;7;52;73;72;15,0.7877551020408163,0.8151688293195208,0.7938775510204081,0.8233655506309963,0.9398907103825137,0.7068403908794788,366,614,980,0.5346938775510204,False
ses-04,2,1,ses-01;ses-06,42,25047c459adb0205705cd17abc37bdd952343e45,138,90,48,40;13;84;67;82;83;23;1;6;19;18;9;15;43;11;2;10;3;26;36;70;17;22;7;5,0.85,0.8367019098983641,0.8571428571428571,0.8462647514284188,0.8032786885245902,0.8892508143322475,366,614,980,0.6306122448979592,False
ses-04,2,1,ses-01;ses-06,123,25047c459adb0205705cd17abc37bdd952343e45,138,90,48,40;13;84;67;82;83;23;1;6;19;18;9;15;43;11;2;10;3;26;36;70;17;22;7;5,0.85,0.8367019098983641,0.8571428571428571,0.8462647514284188,0.8032786885245902,0.8892508143322475,366,614,980,0.6306122448979592,False
ses-04,2,1,ses-01;ses-06,2026,25047c459adb0205705cd17abc37bdd952343e45,138,90,48,40;13;84;67;82;83;23;1;6;19;18;9;15;43;11;2;10;3;26;36;70;17;22;7;5,0.85,0.8367019098983641,0.8571428571428571,0.8462647514284188,0.8032786885245902,0.8892508143322475,366,614,980,0.6306122448979592,False
ses-04,2,2,ses-05;ses-08,42,25047c459adb0205705cd17abc37bdd952343e45,138,90,48,13;67;40;10;82;64;84;6;1;20;37;79;52;19;2;11;18;25;66;74;73;72;46;45;39,0.8836734693877552,0.8977857282711237,0.8938775510204081,0.9081362026307827,0.9644808743169399,0.8517915309446255,366,614,980,0.5469387755102041,False
ses-04,2,2,ses-05;ses-08,123,25047c459adb0205705cd17abc37bdd952343e45,138,90,48,13;67;40;10;82;64;84;6;1;20;37;79;52;19;2;11;18;25;66;74;73;72;46;45;39,0.8836734693877552,0.8977857282711237,0.8938775510204081,0.9081362026307827,0.9644808743169399,0.8517915309446255,366,614,980,0.5469387755102041,False
ses-04,2,2,ses-05;ses-08,2026,25047c459adb0205705cd17abc37bdd952343e45,138,90,48,13;67;40;10;82;64;84;6;1;20;37;79;52;19;2;11;18;25;66;74;73;72;46;45;39,0.8836734693877552,0.8977857282711237,0.8938775510204081,0.9081362026307827,0.9644808743169399,0.8517915309446255,366,614,980,0.5469387755102041,False
ses-04,2,3,ses-07;ses-08,42,25047c459adb0205705cd17abc37bdd952343e45,138,90,48,13;40;67;10;82;84;1;6;64;2;11;20;19;37;18;52;74;79;3;25;73;26;7;5;72,0.860204081632653,0.8746417828091348,0.860204081632653,0.875193570780157,0.9344262295081968,0.8159609120521173,366,614,980,0.5357142857142857,False
ses-04,2,3,ses-07;ses-08,123,25047c459adb0205705cd17abc37bdd952343e45,138,90,48,13;40;67;10;82;84;1;6;64;2;11;20;19;37;18;52;74;79;3;25;73;26;7;5;72,0.860204081632653,0.8746417828091348,0.860204081632653,0.875193570780157,0.9344262295081968,0.8159609120521173,366,614,980,0.5357142857142857,False
ses-04,2,3,ses-07;ses-08,2026,25047c459adb0205705cd17abc37bdd952343e45,138,90,48,13;40;67;10;82;84;1;6;64;2;11;20;19;37;18;52;74;79;3;25;73;26;7;5;72,0.860204081632653,0.8746417828091348,0.860204081632653,0.875193570780157,0.9344262295081968,0.8159609120521173,366,614,980,0.5357142857142857,False
ses-04,4,1,ses-01;ses-02;ses-05;ses-07,42,25047c459adb0205705cd17abc37bdd952343e45,276,180,96,13;40;67;84;82;83;10;19;1;6;18;64;2;11;43;37;79;70;46;45;73;74;72;23;3,0.8857142857142857,0.883412541606593,0.8928571428571429,0.8918718071946031,0.8879781420765027,0.8957654723127035,366,614,980,0.6030612244897959,False
ses-04,4,1,ses-01;ses-02;ses-05;ses-07,123,25047c459adb0205705cd17abc37bdd952343e45,276,180,96,13;40;67;84;82;83;10;19;1;6;18;64;2;11;43;37;79;70;46;45;73;74;72;23;3,0.8857142857142857,0.883412541606593,0.8928571428571429,0.8918718071946031,0.8879781420765027,0.8957654723127035,366,614,980,0.6030612244897959,False
ses-04,4,1,ses-01;ses-02;ses-05;ses-07,2026,25047c459adb0205705cd17abc37bdd952343e45,276,180,96,13;40;67;84;82;83;10;19;1;6;18;64;2;11;43;37;79;70;46;45;73;74;72;23;3,0.8857142857142857,0.883412541606593,0.8928571428571429,0.8918718071946031,0.8879781420765027,0.8957654723127035,366,614,980,0.6030612244897959,False
ses-04,4,2,ses-01;ses-03;ses-05;ses-07,42,25047c459adb0205705cd17abc37bdd952343e45,276,180,96,13;67;40;82;84;10;64;19;1;6;18;2;11;9;79;83;43;37;66;73;72;70;74;52;46,0.8714285714285714,0.8642868585464837,0.8795918367346939,0.8741122443530731,0.8524590163934426,0.8957654723127035,366,614,980,0.6163265306122448,False
ses-04,4,2,ses-01;ses-03;ses-05;ses-07,123,25047c459adb0205705cd17abc37bdd952343e45,276,180,96,13;67;40;82;84;10;64;19;1;6;18;2;11;9;79;83;43;37;66;73;72;70;74;52;46,0.8714285714285714,0.8642868585464837,0.8795918367346939,0.8741122443530731,0.8524590163934426,0.8957654723127035,366,614,980,0.6163265306122448,False
ses-04,4,2,ses-01;ses-03;ses-05;ses-07,2026,25047c459adb0205705cd17abc37bdd952343e45,276,180,96,13;67;40;82;84;10;64;19;1;6;18;2;11;9;79;83;43;37;66;73;72;70;74;52;46,0.8714285714285714,0.8642868585464837,0.8795918367346939,0.8741122443530731,0.8524590163934426,0.8957654723127035,366,614,980,0.6163265306122448,False
ses-04,4,3,ses-03;ses-05;ses-06;ses-07,42,25047c459adb0205705cd17abc37bdd952343e45,276,180,96,13;40;67;10;84;82;64;1;6;19;18;2;11;37;83;52;79;26;73;20;23;72;43;66;9,0.8785714285714286,0.8788157918157384,0.8857142857142857,0.8856196934906819,0.8852459016393442,0.8859934853420195,366,614,980,0.5979591836734693,False
ses-04,4,3,ses-03;ses-05;ses-06;ses-07,123,25047c459adb0205705cd17abc37bdd952343e45,276,180,96,13;40;67;10;84;82;64;1;6;19;18;2;11;37;83;52;79;26;73;20;23;72;43;66;9,0.8785714285714286,0.8788157918157384,0.8857142857142857,0.8856196934906819,0.8852459016393442,0.8859934853420195,366,614,980,0.5979591836734693,False
ses-04,4,3,ses-03;ses-05;ses-06;ses-07,2026,25047c459adb0205705cd17abc37bdd952343e45,276,180,96,13;40;67;10;84;82;64;1;6;19;18;2;11;37;83;52;79;26;73;20;23;72;43;66;9,0.8785714285714286,0.8788157918157384,0.8857142857142857,0.8856196934906819,0.8852459016393442,0.8859934853420195,366,614,980,0.5979591836734693,False
ses-04,7,1,ses-01;ses-02;ses-03;ses-05;ses-06;ses-07;ses-08,42,25047c459adb0205705cd17abc37bdd952343e45,483,315,168,13;40;67;84;82;10;1;6;19;18;2;11;83;64;23;26;37;3;73;72;15;20;43;9;46,0.8591836734693877,0.8605845392570441,0.8704081632653061,0.8723011338352824,0.8797814207650273,0.8648208469055375,366,614,980,0.5867346938775511,False
ses-04,7,1,ses-01;ses-02;ses-03;ses-05;ses-06;ses-07;ses-08,123,25047c459adb0205705cd17abc37bdd952343e45,483,315,168,13;40;67;84;82;10;1;6;19;18;2;11;83;64;23;26;37;3;73;72;15;20;43;9;46,0.8591836734693877,0.8605845392570441,0.8704081632653061,0.8723011338352824,0.8797814207650273,0.8648208469055375,366,614,980,0.5867346938775511,False
ses-04,7,1,ses-01;ses-02;ses-03;ses-05;ses-06;ses-07;ses-08,2026,25047c459adb0205705cd17abc37bdd952343e45,483,315,168,13;40;67;84;82;10;1;6;19;18;2;11;83;64;23;26;37;3;73;72;15;20;43;9;46,0.8591836734693877,0.8605845392570441,0.8704081632653061,0.8723011338352824,0.8797814207650273,0.8648208469055375,366,614,980,0.5867346938775511,False
ses-05,1,1,ses-01,42,25047c459adb0205705cd17abc37bdd952343e45,69,45,24,13;40;67;84;82;9;83;70;43;15;16;36;23;3;19;18;51;1;6;46;45;74;2;11;75,0.8326530612244898,0.7897509834285612,0.8397959183673469,0.7960030971324825,0.6229508196721312,0.9690553745928339,366,614,980,0.7479591836734694,False
ses-05,1,1,ses-01,123,25047c459adb0205705cd17abc37bdd952343e45,69,45,24,13;40;67;84;82;9;83;70;43;15;16;36;23;3;19;18;51;1;6;46;45;74;2;11;75,0.8326530612244898,0.7897509834285612,0.8397959183673469,0.7960030971324825,0.6229508196721312,0.9690553745928339,366,614,980,0.7479591836734694,False
ses-05,1,1,ses-01,2026,25047c459adb0205705cd17abc37bdd952343e45,69,45,24,13;40;67;84;82;9;83;70;43;15;16;36;23;3;19;18;51;1;6;46;45;74;2;11;75,0.8326530612244898,0.7897509834285612,0.8397959183673469,0.7960030971324825,0.6229508196721312,0.9690553745928339,366,614,980,0.7479591836734694,False
ses-05,1,2,ses-02,42,25047c459adb0205705cd17abc37bdd952343e45,69,45,24,84;13;83;82;40;67;19;18;23;10;6;1;75;21;2;11;22;26;48;15;3;81;17;5;7,0.7581632653061224,0.7247868496466777,0.7673469387755102,0.7326676278457129,0.5956284153005464,0.8697068403908795,366,614,980,0.6959183673469388,False
ses-05,1,2,ses-02,123,25047c459adb0205705cd17abc37bdd952343e45,69,45,24,84;13;83;82;40;67;19;18;23;10;6;1;75;21;2;11;22;26;48;15;3;81;17;5;7,0.7581632653061224,0.7247868496466777,0.7673469387755102,0.7326676278457129,0.5956284153005464,0.8697068403908795,366,614,980,0.6959183673469388,False
ses-05,1,2,ses-02,2026,25047c459adb0205705cd17abc37bdd952343e45,69,45,24,84;13;83;82;40;67;19;18;23;10;6;1;75;21;2;11;22;26;48;15;3;81;17;5;7,0.7581632653061224,0.7247868496466777,0.7673469387755102,0.7326676278457129,0.5956284153005464,0.8697068403908795,366,614,980,0.6959183673469388,False
ses-05,1,3,ses-03,42,25047c459adb0205705cd17abc37bdd952343e45,69,45,24,13;67;40;84;82;21;10;75;19;23;18;22;1;6;48;11;2;9;64;66;73;72;15;26;52,0.8163265306122449,0.7772734554386714,0.8204081632653061,0.7810825723999217,0.6256830601092896,0.9364820846905537,366,614,980,0.726530612244898,False
ses-05,1,3,ses-03,123,25047c459adb0205705cd17abc37bdd952343e45,69,45,24,13;67;40;84;82;21;10;75;19;23;18;22;1;6;48;11;2;9;64;66;73;72;15;26;52,0.8163265306122449,0.7772734554386714,0.8204081632653061,0.7810825723999217,0.6256830601092896,0.9364820846905537,366,614,980,0.726530612244898,False
ses-05,1,3,ses-03,2026,25047c459adb0205705cd17abc37bdd952343e45,69,45,24,13;67;40;84;82;21;10;75;19;23;18;22;1;6;48;11;2;9;64;66;73;72;15;26;52,0.8163265306122449,0.7772734554386714,0.8204081632653061,0.7810825723999217,0.6256830601092896,0.9364820846905537,366,614,980,0.726530612244898,False
ses-05,2,1,ses-01;ses-03,42,25047c459adb0205705cd17abc37bdd952343e45,138,90,48,13;67;40;84;82;9;19;18;10;23;1;6;2;11;15;22;43;3;70;83;64;36;46;45;73,0.8030612244897959,0.7479263452056746,0.7959183673469388,0.7400188675886865,0.5191256830601093,0.9609120521172638,366,614,980,0.7816326530612245,False
ses-05,2,1,ses-01;ses-03,123,25047c459adb0205705cd17abc37bdd952343e45,138,90,48,13;67;40;84;82;9;19;18;10;23;1;6;2;11;15;22;43;3;70;83;64;36;46;45;73,0.8030612244897959,0.7479263452056746,0.7959183673469388,0.7400188675886865,0.5191256830601093,0.9609120521172638,366,614,980,0.7816326530612245,False
ses-05,2,1,ses-01;ses-03,2026,25047c459adb0205705cd17abc37bdd952343e45,138,90,48,13;67;40;84;82;9;19;18;10;23;1;6;2;11;15;22;43;3;70;83;64;36;46;45;73,0.8030612244897959,0.7479263452056746,0.7959183673469388,0.7400188675886865,0.5191256830601093,0.9609120521172638,366,614,980,0.7816326530612245,False
ses-05,2,2,ses-04;ses-06,42,25047c459adb0205705cd17abc37bdd952343e45,138,90,48,13;40;82;84;10;67;23;6;1;83;19;18;11;2;15;26;37;64;20;52;73;36;72;43;7,0.8438775510204082,0.8064336697459995,0.85,0.8129750271444083,0.6666666666666666,0.9592833876221498,366,614,980,0.7255102040816327,False
ses-05,2,2,ses-04;ses-06,123,25047c459adb0205705cd17abc37bdd952343e45,138,90,48,13;40;82;84;10;67;23;6;1;83;19;18;11;2;15;26;37;64;20;52;73;36;72;43;7,0.8438775510204082,0.8064336697459995,0.85,0.8129750271444083,0.6666666666666666,0.9592833876221498,366,614,980,0.7255102040816327,False
ses-05,2,2,ses-04;ses-06,2026,25047c459adb0205705cd17abc37bdd952343e45,138,90,48,13;40;82;84;10;67;23;6;1;83;19;18;11;2;15;26;37;64;20;52;73;36;72;43;7,0.8438775510204082,0.8064336697459995,0.85,0.8129750271444083,0.6666666666666666,0.9592833876221498,366,614,980,0.7255102040816327,False
ses-05,2,3,ses-06;ses-08,42,25047c459adb0205705cd17abc37bdd952343e45,138,90,48,84;82;10;13;6;1;40;2;11;67;19;18;23;64;26;20;3;83;37;7;5;15;73;72;22,0.7785714285714286,0.7482467382211069,0.7846938775510204,0.7536845196774711,0.6311475409836066,0.8762214983713354,366,614,980,0.686734693877551,False
ses-05,2,3,ses-06;ses-08,123,25047c459adb0205705cd17abc37bdd952343e45,138,90,48,84;82;10;13;6;1;40;2;11;67;19;18;23;64;26;20;3;83;37;7;5;15;73;72;22,0.7785714285714286,0.7482467382211069,0.7846938775510204,0.7536845196774711,0.6311475409836066,0.8762214983713354,366,614,980,0.686734693877551,False
ses-05,2,3,ses-06;ses-08,2026,25047c459adb0205705cd17abc37bdd952343e45,138,90,48,84;82;10;13;6;1;40;2;11;67;19;18;23;64;26;20;3;83;37;7;5;15;73;72;22,0.7785714285714286,0.7482467382211069,0.7846938775510204,0.7536845196774711,0.6311475409836066,0.8762214983713354,366,614,980,0.686734693877551,False
ses-05,4,1,ses-01;ses-03;ses-04;ses-06,42,25047c459adb0205705cd17abc37bdd952343e45,276,180,96,13;40;67;84;82;10;83;19;18;23;1;6;11;2;15;9;64;26;43;36;3;73;22;72;37,0.8295918367346938,0.7828936829177124,0.8285714285714286,0.7798721987860664,0.587431693989071,0.9723127035830619,366,614,980,0.763265306122449,False
ses-05,4,1,ses-01;ses-03;ses-04;ses-06,123,25047c459adb0205705cd17abc37bdd952343e45,276,180,96,13;40;67;84;82;10;83;19;18;23;1;6;11;2;15;9;64;26;43;36;3;73;22;72;37,0.8295918367346938,0.7828936829177124,0.8285714285714286,0.7798721987860664,0.587431693989071,0.9723127035830619,366,614,980,0.763265306122449,False
ses-05,4,1,ses-01;ses-03;ses-04;ses-06,2026,25047c459adb0205705cd17abc37bdd952343e45,276,180,96,13;40;67;84;82;10;83;19;18;23;1;6;11;2;15;9;64;26;43;36;3;73;22;72;37,0.8295918367346938,0.7828936829177124,0.8285714285714286,0.7798721987860664,0.587431693989071,0.9723127035830619,366,614,980,0.763265306122449,False
ses-05,4,2,ses-02;ses-03;ses-07;ses-08,42,25047c459adb0205705cd17abc37bdd952343e45,276,180,96,13;84;82;67;40;10;1;6;2;11;19;18;64;20;26;3;73;72;37;7;5;83;23;21;74,0.7785714285714286,0.7543164059023513,0.7836734693877551,0.7583880671401364,0.6584699453551912,0.8583061889250815,366,614,980,0.6653061224489796,False
ses-05,4,2,ses-02;ses-03;ses-07;ses-08,123,25047c459adb0205705cd17abc37bdd952343e45,276,180,96,13;84;82;67;40;10;1;6;2;11;19;18;64;20;26;3;73;72;37;7;5;83;23;21;74,0.7785714285714286,0.7543164059023513,0.7836734693877551,0.7583880671401364,0.6584699453551912,0.8583061889250815,366,614,980,0.6653061224489796,False
ses-05,4,2,ses-02;ses-03;ses-07;ses-08,2026,25047c459adb0205705cd17abc37bdd952343e45,276,180,96,13;84;82;67;40;10;1;6;2;11;19;18;64;20;26;3;73;72;37;7;5;83;23;21;74,0.7785714285714286,0.7543164059023513,0.7836734693877551,0.7583880671401364,0.6584699453551912,0.8583061889250815,366,614,980,0.6653061224489796,False
ses-05,4,3,ses-02;ses-04;ses-06;ses-08,42,25047c459adb0205705cd17abc37bdd952343e45,276,180,96,13;84;82;40;10;67;6;1;19;83;18;2;11;23;26;20;15;64;37;3;73;5;7;72;46,0.8142857142857143,0.7706786992043573,0.8163265306122449,0.7728591516704936,0.6010928961748634,0.9446254071661238,366,614,980,0.7408163265306122,False
ses-05,4,3,ses-02;ses-04;ses-06;ses-08,123,25047c459adb0205705cd17abc37bdd952343e45,276,180,96,13;84;82;40;10;67;6;1;19;83;18;2;11;23;26;20;15;64;37;3;73;5;7;72;46,0.8142857142857143,0.7706786992043573,0.8163265306122449,0.7728591516704936,0.6010928961748634,0.9446254071661238,366,614,980,0.7408163265306122,False
ses-05,4,3,ses-02;ses-04;ses-06;ses-08,2026,25047c459adb0205705cd17abc37bdd952343e45,276,180,96,13;84;82;40;10;67;6;1;19;83;18;2;11;23;26;20;15;64;37;3;73;5;7;72;46,0.8142857142857143,0.7706786992043573,0.8163265306122449,0.7728591516704936,0.6010928961748634,0.9446254071661238,366,614,980,0.7408163265306122,False
ses-05,7,1,ses-01;ses-02;ses-03;ses-04;ses-06;ses-07;ses-08,42,25047c459adb0205705cd17abc37bdd952343e45,483,315,168,13;40;67;84;82;10;1;6;19;18;2;11;83;64;23;26;15;3;37;20;73;72;7;5;46,0.8142857142857143,0.7668161834072017,0.8183673469387756,0.770625300368452,0.5819672131147541,0.9592833876221498,366,614,980,0.7571428571428571,False
ses-05,7,1,ses-01;ses-02;ses-03;ses-04;ses-06;ses-07;ses-08,123,25047c459adb0205705cd17abc37bdd952343e45,483,315,168,13;40;67;84;82;10;1;6;19;18;2;11;83;64;23;26;15;3;37;20;73;72;7;5;46,0.8142857142857143,0.7668161834072017,0.8183673469387756,0.770625300368452,0.5819672131147541,0.9592833876221498,366,614,980,0.7571428571428571,False
ses-05,7,1,ses-01;ses-02;ses-03;ses-04;ses-06;ses-07;ses-08,2026,25047c459adb0205705cd17abc37bdd952343e45,483,315,168,13;40;67;84;82;10;1;6;19;18;2;11;83;64;23;26;15;3;37;20;73;72;7;5;46,0.8142857142857143,0.7668161834072017,0.8183673469387756,0.770625300368452,0.5819672131147541,0.9592833876221498,366,614,980,0.7571428571428571,False
ses-06,1,1,ses-01,42,25047c459adb0205705cd17abc37bdd952343e45,69,45,24,13;40;67;84;82;9;83;70;43;15;16;36;23;3;19;18;51;1;6;46;45;74;2;11;75,0.7204081632653061,0.7476282017052027,0.7408163265306122,0.7655702105694095,0.8633879781420765,0.6677524429967426,366,614,980,0.5306122448979592,False
ses-06,1,1,ses-01,123,25047c459adb0205705cd17abc37bdd952343e45,69,45,24,13;40;67;84;82;9;83;70;43;15;16;36;23;3;19;18;51;1;6;46;45;74;2;11;75,0.7204081632653061,0.7476282017052027,0.7408163265306122,0.7655702105694095,0.8633879781420765,0.6677524429967426,366,614,980,0.5306122448979592,False
ses-06,1,1,ses-01,2026,25047c459adb0205705cd17abc37bdd952343e45,69,45,24,13;40;67;84;82;9;83;70;43;15;16;36;23;3;19;18;51;1;6;46;45;74;2;11;75,0.7204081632653061,0.7476282017052027,0.7408163265306122,0.7655702105694095,0.8633879781420765,0.6677524429967426,366,614,980,0.5306122448979592,False
ses-06,1,2,ses-03,42,25047c459adb0205705cd17abc37bdd952343e45,69,45,24,13;67;40;84;82;21;10;75;19;23;18;22;1;6;48;11;2;9;64;66;73;72;15;26;52,0.4418367346938776,0.546835228992008,0.42959183673469387,0.5370632420213239,0.9617486338797814,0.11237785016286644,366,614,980,0.9153061224489796,True
ses-06,1,2,ses-03,123,25047c459adb0205705cd17abc37bdd952343e45,69,45,24,13;67;40;84;82;21;10;75;19;23;18;22;1;6;48;11;2;9;64;66;73;72;15;26;52,0.4418367346938776,0.546835228992008,0.42959183673469387,0.5370632420213239,0.9617486338797814,0.11237785016286644,366,614,980,0.9153061224489796,True
ses-06,1,2,ses-03,2026,25047c459adb0205705cd17abc37bdd952343e45,69,45,24,13;67;40;84;82;21;10;75;19;23;18;22;1;6;48;11;2;9;64;66;73;72;15;26;52,0.4418367346938776,0.546835228992008,0.42959183673469387,0.5370632420213239,0.9617486338797814,0.11237785016286644,366,614,980,0.9153061224489796,True
ses-06,1,3,ses-05,42,25047c459adb0205705cd17abc37bdd952343e45,69,45,24,13;67;40;79;10;25;66;52;64;37;8;39;12;82;43;70;84;83;46;45;62;20;19;73;18,0.7336734693877551,0.7438680336768658,0.7397959183673469,0.7520647549883412,0.8005464480874317,0.7035830618892508,366,614,980,0.5153061224489796,False
ses-06,1,3,ses-05,123,25047c459adb0205705cd17abc37bdd952343e45,69,45,24,13;67;40;79;10;25;66;52;64;37;8;39;12;82;43;70;84;83;46;45;62;20;19;73;18,0.7336734693877551,0.7438680336768658,0.7397959183673469,0.7520647549883412,0.8005464480874317,0.7035830618892508,366,614,980,0.5153061224489796,False
ses-06,1,3,ses-05,2026,25047c459adb0205705cd17abc37bdd952343e45,69,45,24,13;67;40;79;10;25;66;52;64;37;8;39;12;82;43;70;84;83;46;45;62;20;19;73;18,0.7336734693877551,0.7438680336768658,0.7397959183673469,0.7520647549883412,0.8005464480874317,0.7035830618892508,366,614,980,0.5153061224489796,False
ses-06,2,1,ses-01;ses-02,42,25047c459adb0205705cd17abc37bdd952343e45,138,90,48,13;40;84;67;82;83;19;18;23;1;6;15;11;2;43;3;10;9;22;70;46;45;75;26;16,0.7581632653061224,0.7849317384881009,0.7673469387755102,0.7928125166871363,0.8934426229508197,0.6921824104234527,366,614,980,0.5265306122448979,False
ses-06,2,1,ses-01;ses-02,123,25047c459adb0205705cd17abc37bdd952343e45,138,90,48,13;40;84;67;82;83;19;18;23;1;6;15;11;2;43;3;10;9;22;70;46;45;75;26;16,0.7581632653061224,0.7849317384881009,0.7673469387755102,0.7928125166871363,0.8934426229508197,0.6921824104234527,366,614,980,0.5265306122448979,False
ses-06,2,1,ses-01;ses-02,2026,25047c459adb0205705cd17abc37bdd952343e45,138,90,48,13;40;84;67;82;83;19;18;23;1;6;15;11;2;43;3;10;9;22;70;46;45;75;26;16,0.7581632653061224,0.7849317384881009,0.7673469387755102,0.7928125166871363,0.8934426229508197,0.6921824104234527,366,614,980,0.5265306122448979,False
ses-06,2,2,ses-02;ses-07,42,25047c459adb0205705cd17abc37bdd952343e45,138,90,48,13;84;67;40;82;10;83;1;6;2;11;19;18;64;20;26;37;73;7;5;3;72;74;43;21,0.5581632653061225,0.6374619533294174,0.560204081632653,0.6418495576796426,0.9644808743169399,0.31921824104234525,366,614,980,0.786734693877551,False
ses-06,2,2,ses-02;ses-07,123,25047c459adb0205705cd17abc37bdd952343e45,138,90,48,13;84;67;40;82;10;83;1;6;2;11;19;18;64;20;26;37;73;7;5;3;72;74;43;21,0.5581632653061225,0.6374619533294174,0.560204081632653,0.6418495576796426,0.9644808743169399,0.31921824104234525,366,614,980,0.786734693877551,False
ses-06,2,2,ses-02;ses-07,2026,25047c459adb0205705cd17abc37bdd952343e45,138,90,48,13;84;67;40;82;10;83;1;6;2;11;19;18;64;20;26;37;73;7;5;3;72;74;43;21,0.5581632653061225,0.6374619533294174,0.560204081632653,0.6418495576796426,0.9644808743169399,0.31921824104234525,366,614,980,0.786734693877551,False
ses-06,2,3,ses-03;ses-08,42,25047c459adb0205705cd17abc37bdd952343e45,138,90,48,13;82;67;84;10;40;1;6;2;11;19;18;64;21;20;22;3;23;73;75;72;26;52;15;7,0.45816326530612245,0.5631752727790534,0.45816326530612245,0.5631752727790534,0.9781420765027322,0.1482084690553746,366,614,980,0.8989795918367347,False
ses-06,2,3,ses-03;ses-08,123,25047c459adb0205705cd17abc37bdd952343e45,138,90,48,13;82;67;84;10;40;1;6;2;11;19;18;64;21;20;22;3;23;73;75;72;26;52;15;7,0.45816326530612245,0.5631752727790534,0.45816326530612245,0.5631752727790534,0.9781420765027322,0.1482084690553746,366,614,980,0.8989795918367347,False
ses-06,2,3,ses-03;ses-08,2026,25047c459adb0205705cd17abc37bdd952343e45,138,90,48,13;82;67;84;10;40;1;6;2;11;19;18;64;21;20;22;3;23;73;75;72;26;52;15;7,0.45816326530612245,0.5631752727790534,0.45816326530612245,0.5631752727790534,0.9781420765027322,0.1482084690553746,366,614,980,0.8989795918367347,False
ses-06,4,1,ses-01;ses-02;ses-07;ses-08,42,25047c459adb0205705cd17abc37bdd952343e45,276,180,96,13;40;67;84;82;10;1;6;2;11;19;18;83;64;3;26;20;74;15;5;7;37;73;72;46,0.7622448979591837,0.7942587351595736,0.7714285714285715,0.8037948772716754,0.9316939890710383,0.6758957654723127,366,614,980,0.5510204081632653,False
ses-06,4,1,ses-01;ses-02;ses-07;ses-08,123,25047c459adb0205705cd17abc37bdd952343e45,276,180,96,13;40;67;84;82;10;1;6;2;11;19;18;83;64;3;26;20;74;15;5;7;37;73;72;46,0.7622448979591837,0.7942587351595736,0.7714285714285715,0.8037948772716754,0.9316939890710383,0.6758957654723127,366,614,980,0.5510204081632653,False
ses-06,4,1,ses-01;ses-02;ses-07;ses-08,2026,25047c459adb0205705cd17abc37bdd952343e45,276,180,96,13;40;67;84;82;10;1;6;2;11;19;18;83;64;3;26;20;74;15;5;7;37;73;72;46,0.7622448979591837,0.7942587351595736,0.7714285714285715,0.8037948772716754,0.9316939890710383,0.6758957654723127,366,614,980,0.5510204081632653,False
ses-06,4,2,ses-02;ses-04;ses-05;ses-07,42,25047c459adb0205705cd17abc37bdd952343e45,276,180,96,13;40;67;10;84;82;83;64;6;1;19;18;37;2;11;20;73;72;26;52;21;43;79;46;45,0.5857142857142857,0.6594489240134565,0.5897959183673469,0.6654651928587957,0.9644808743169399,0.36644951140065146,366,614,980,0.7571428571428571,False
ses-06,4,2,ses-02;ses-04;ses-05;ses-07,123,25047c459adb0205705cd17abc37bdd952343e45,276,180,96,13;40;67;10;84;82;83;64;6;1;19;18;37;2;11;20;73;72;26;52;21;43;79;46;45,0.5857142857142857,0.6594489240134565,0.5897959183673469,0.6654651928587957,0.9644808743169399,0.36644951140065146,366,614,980,0.7571428571428571,False
ses-06,4,2,ses-02;ses-04;ses-05;ses-07,2026,25047c459adb0205705cd17abc37bdd952343e45,276,180,96,13;40;67;10;84;82;83;64;6;1;19;18;37;2;11;20;73;72;26;52;21;43;79;46;45,0.5857142857142857,0.6594489240134565,0.5897959183673469,0.6654651928587957,0.9644808743169399,0.36644951140065146,366,614,980,0.7571428571428571,False
ses-06,4,3,ses-03;ses-04;ses-05;ses-08,42,25047c459adb0205705cd17abc37bdd952343e45,276,180,96,13;67;40;10;82;84;1;6;19;64;18;2;11;52;37;20;21;73;72;66;83;23;15;46;79,0.6469387755102041,0.6978248874174543,0.6551020408163265,0.7082020611950659,0.9180327868852459,0.498371335504886,366,614,980,0.6571428571428571,False
ses-06,4,3,ses-03;ses-04;ses-05;ses-08,123,25047c459adb0205705cd17abc37bdd952343e45,276,180,96,13;67;40;10;82;84;1;6;19;64;18;2;11;52;37;20;21;73;72;66;83;23;15;46;79,0.6469387755102041,0.6978248874174543,0.6551020408163265,0.7082020611950659,0.9180327868852459,0.498371335504886,366,614,980,0.6571428571428571,False
ses-06,4,3,ses-03;ses-04;ses-05;ses-08,2026,25047c459adb0205705cd17abc37bdd952343e45,276,180,96,13;67;40;10;82;84;1;6;19;64;18;2;11;52;37;20;21;73;72;66;83;23;15;46;79,0.6469387755102041,0.6978248874174543,0.6551020408163265,0.7082020611950659,0.9180327868852459,0.498371335504886,366,614,980,0.6571428571428571,False
ses-06,7,1,ses-01;ses-02;ses-03;ses-04;ses-05;ses-07;ses-08,42,25047c459adb0205705cd17abc37bdd952343e45,483,315,168,13;40;67;84;82;10;1;6;19;18;2;11;64;83;37;73;20;72;23;26;15;3;46;45;74,0.786734693877551,0.8071812534486749,0.7979591836734694,0.818897848026913,0.9016393442622951,0.7361563517915309,366,614,980,0.5020408163265306,False
ses-06,7,1,ses-01;ses-02;ses-03;ses-04;ses-05;ses-07;ses-08,123,25047c459adb0205705cd17abc37bdd952343e45,483,315,168,13;40;67;84;82;10;1;6;19;18;2;11;64;83;37;73;20;72;23;26;15;3;46;45;74,0.786734693877551,0.8071812534486749,0.7979591836734694,0.818897848026913,0.9016393442622951,0.7361563517915309,366,614,980,0.5020408163265306,False
ses-06,7,1,ses-01;ses-02;ses-03;ses-04;ses-05;ses-07;ses-08,2026,25047c459adb0205705cd17abc37bdd952343e45,483,315,168,13;40;67;84;82;10;1;6;19;18;2;11;64;83;37;73;20;72;23;26;15;3;46;45;74,0.786734693877551,0.8071812534486749,0.7979591836734694,0.818897848026913,0.9016393442622951,0.7361563517915309,366,614,980,0.5020408163265306,False
ses-07,1,1,ses-02,42,25047c459adb0205705cd17abc37bdd952343e45,69,45,24,84;13;83;82;40;67;19;18;23;10;6;1;75;21;2;11;22;26;48;15;3;81;17;5;7,0.8224489795918367,0.814163151243303,0.8326530612244898,0.8250654135739841,0.7950819672131147,0.8550488599348535,366,614,980,0.6122448979591837,False
ses-07,1,1,ses-02,123,25047c459adb0205705cd17abc37bdd952343e45,69,45,24,84;13;83;82;40;67;19;18;23;10;6;1;75;21;2;11;22;26;48;15;3;81;17;5;7,0.8224489795918367,0.814163151243303,0.8326530612244898,0.8250654135739841,0.7950819672131147,0.8550488599348535,366,614,980,0.6122448979591837,False
ses-07,1,1,ses-02,2026,25047c459adb0205705cd17abc37bdd952343e45,69,45,24,84;13;83;82;40;67;19;18;23;10;6;1;75;21;2;11;22;26;48;15;3;81;17;5;7,0.8224489795918367,0.814163151243303,0.8326530612244898,0.8250654135739841,0.7950819672131147,0.8550488599348535,366,614,980,0.6122448979591837,False
ses-07,1,2,ses-03,42,25047c459adb0205705cd17abc37bdd952343e45,69,45,24,13;67;40;84;82;21;10;75;19;23;18;22;1;6;48;11;2;9;64;66;73;72;15;26;52,0.7704081632653061,0.792496573574696,0.7826530612244897,0.804475712429469,0.8907103825136612,0.7182410423452769,366,614,980,0.5091836734693878,False
ses-07,1,2,ses-03,123,25047c459adb0205705cd17abc37bdd952343e45,69,45,24,13;67;40;84;82;21;10;75;19;23;18;22;1;6;48;11;2;9;64;66;73;72;15;26;52,0.7704081632653061,0.792496573574696,0.7826530612244897,0.804475712429469,0.8907103825136612,0.7182410423452769,366,614,980,0.5091836734693878,False
ses-07,1,2,ses-03,2026,25047c459adb0205705cd17abc37bdd952343e45,69,45,24,13;67;40;84;82;21;10;75;19;23;18;22;1;6;48;11;2;9;64;66;73;72;15;26;52,0.7704081632653061,0.792496573574696,0.7826530612244897,0.804475712429469,0.8907103825136612,0.7182410423452769,366,614,980,0.5091836734693878,False
ses-07,1,3,ses-04,42,25047c459adb0205705cd17abc37bdd952343e45,69,45,24,13;40;67;10;82;84;83;19;18;37;6;1;15;20;21;52;64;42;2;11;36;23;39;73;75,0.7969387755102041,0.8147727879532226,0.8061224489795918,0.8215499902102135,0.8825136612021858,0.760586319218241,366,614,980,0.5204081632653061,False
ses-07,1,3,ses-04,123,25047c459adb0205705cd17abc37bdd952343e45,69,45,24,13;40;67;10;82;84;83;19;18;37;6;1;15;20;21;52;64;42;2;11;36;23;39;73;75,0.7969387755102041,0.8147727879532226,0.8061224489795918,0.8215499902102135,0.8825136612021858,0.760586319218241,366,614,980,0.5204081632653061,False
ses-07,1,3,ses-04,2026,25047c459adb0205705cd17abc37bdd952343e45,69,45,24,13;40;67;10;82;84;83;19;18;37;6;1;15;20;21;52;64;42;2;11;36;23;39;73;75,0.7969387755102041,0.8147727879532226,0.8061224489795918,0.8215499902102135,0.8825136612021858,0.760586319218241,366,614,980,0.5204081632653061,False
ses-07,2,1,ses-01;ses-04,42,25047c459adb0205705cd17abc37bdd952343e45,138,90,48,13;40;67;82;84;83;15;10;19;18;1;6;36;23;43;2;11;9;46;45;64;51;42;3;74,0.8275510204081633,0.8077508410316655,0.8306122448979592,0.811297413716381,0.7349726775956285,0.8876221498371335,366,614,980,0.6551020408163265,False
ses-07,2,1,ses-01;ses-04,123,25047c459adb0205705cd17abc37bdd952343e45,138,90,48,13;40;67;82;84;83;15;10;19;18;1;6;36;23;43;2;11;9;46;45;64;51;42;3;74,0.8275510204081633,0.8077508410316655,0.8306122448979592,0.811297413716381,0.7349726775956285,0.8876221498371335,366,614,980,0.6551020408163265,False
ses-07,2,1,ses-01;ses-04,2026,25047c459adb0205705cd17abc37bdd952343e45,138,90,48,13;40;67;82;84;83;15;10;19;18;1;6;36;23;43;2;11;9;46;45;64;51;42;3;74,0.8275510204081633,0.8077508410316655,0.8306122448979592,0.811297413716381,0.7349726775956285,0.8876221498371335,366,614,980,0.6551020408163265,False
ses-07,2,2,ses-03;ses-06,42,25047c459adb0205705cd17abc37bdd952343e45,138,90,48,84;13;82;40;67;10;23;1;6;19;18;2;11;22;26;83;9;64;15;7;5;73;3;72;81,0.7938775510204081,0.7615652978765063,0.7969387755102041,0.7640082946191773,0.6338797814207651,0.8941368078175895,366,614,980,0.6969387755102041,False
ses-07,2,2,ses-03;ses-06,123,25047c459adb0205705cd17abc37bdd952343e45,138,90,48,84;13;82;40;67;10;23;1;6;19;18;2;11;22;26;83;9;64;15;7;5;73;3;72;81,0.7938775510204081,0.7615652978765063,0.7969387755102041,0.7640082946191773,0.6338797814207651,0.8941368078175895,366,614,980,0.6969387755102041,False
ses-07,2,2,ses-03;ses-06,2026,25047c459adb0205705cd17abc37bdd952343e45,138,90,48,84;13;82;40;67;10;23;1;6;19;18;2;11;22;26;83;9;64;15;7;5;73;3;72;81,0.7938775510204081,0.7615652978765063,0.7969387755102041,0.7640082946191773,0.6338797814207651,0.8941368078175895,366,614,980,0.6969387755102041,False
ses-07,2,3,ses-03;ses-08,42,25047c459adb0205705cd17abc37bdd952343e45,138,90,48,13;82;67;84;10;40;1;6;2;11;19;18;64;21;20;22;3;23;73;75;72;26;52;15;7,0.7571428571428571,0.7923942258058774,0.7642857142857142,0.8014052793649098,0.9480874316939891,0.6547231270358306,366,614,980,0.5704081632653061,False
ses-07,2,3,ses-03;ses-08,123,25047c459adb0205705cd17abc37bdd952343e45,138,90,48,13;82;67;84;10;40;1;6;2;11;19;18;64;21;20;22;3;23;73;75;72;26;52;15;7,0.7571428571428571,0.7923942258058774,0.7642857142857142,0.8014052793649098,0.9480874316939891,0.6547231270358306,366,614,980,0.5704081632653061,False
ses-07,2,3,ses-03;ses-08,2026,25047c459adb0205705cd17abc37bdd952343e45,138,90,48,13;82;67;84;10;40;1;6;2;11;19;18;64;21;20;22;3;23;73;75;72;26;52;15;7,0.7571428571428571,0.7923942258058774,0.7642857142857142,0.8014052793649098,0.9480874316939891,0.6547231270358306,366,614,980,0.5704081632653061,False
ses-07,4,1,ses-02;ses-03;ses-04;ses-08,42,25047c459adb0205705cd17abc37bdd952343e45,276,180,96,13;40;84;67;10;82;1;6;19;18;2;11;23;64;83;21;20;15;26;73;72;3;75;37;22,0.8510204081632653,0.8590359730157883,0.8591836734693877,0.8666542069382888,0.8961748633879781,0.8371335504885994,366,614,980,0.563265306122449,False
ses-07,4,1,ses-02;ses-03;ses-04;ses-08,123,25047c459adb0205705cd17abc37bdd952343e45,276,180,96,13;40;84;67;10;82;1;6;19;18;2;11;23;64;83;21;20;15;26;73;72;3;75;37;22,0.8510204081632653,0.8590359730157883,0.8591836734693877,0.8666542069382888,0.8961748633879781,0.8371335504885994,366,614,980,0.563265306122449,False
ses-07,4,1,ses-02;ses-03;ses-04;ses-08,2026,25047c459adb0205705cd17abc37bdd952343e45,276,180,96,13;40;84;67;10;82;1;6;19;18;2;11;23;64;83;21;20;15;26;73;72;3;75;37;22,0.8510204081632653,0.8590359730157883,0.8591836734693877,0.8666542069382888,0.8961748633879781,0.8371335504885994,366,614,980,0.563265306122449,False
ses-07,4,2,ses-03;ses-04;ses-05;ses-08,42,25047c459adb0205705cd17abc37bdd952343e45,276,180,96,13;67;40;10;82;84;1;6;19;64;18;2;11;52;37;20;21;73;72;66;83;23;15;46;79,0.8459183673469388,0.8433767643865364,0.85,0.8477376693188089,0.8387978142076503,0.8566775244299675,366,614,980,0.5969387755102041,False
ses-07,4,2,ses-03;ses-04;ses-05;ses-08,123,25047c459adb0205705cd17abc37bdd952343e45,276,180,96,13;67;40;10;82;84;1;6;19;64;18;2;11;52;37;20;21;73;72;66;83;23;15;46;79,0.8459183673469388,0.8433767643865364,0.85,0.8477376693188089,0.8387978142076503,0.8566775244299675,366,614,980,0.5969387755102041,False
ses-07,4,2,ses-03;ses-04;ses-05;ses-08,2026,25047c459adb0205705cd17abc37bdd952343e45,276,180,96,13;67;40;10;82;84;1;6;19;64;18;2;11;52;37;20;21;73;72;66;83;23;15;46;79,0.8459183673469388,0.8433767643865364,0.85,0.8477376693188089,0.8387978142076503,0.8566775244299675,366,614,980,0.5969387755102041,False
ses-07,4,3,ses-04;ses-05;ses-06;ses-08,42,25047c459adb0205705cd17abc37bdd952343e45,276,180,96,13;40;10;67;82;84;6;1;19;18;64;2;11;37;83;20;52;23;26;73;72;15;46;79;45,0.8295918367346938,0.8132420213239351,0.8357142857142857,0.8192315907513216,0.7540983606557377,0.8843648208469055,366,614,980,0.6459183673469387,False
ses-07,4,3,ses-04;ses-05;ses-06;ses-08,123,25047c459adb0205705cd17abc37bdd952343e45,276,180,96,13;40;10;67;82;84;6;1;19;18;64;2;11;37;83;20;52;23;26;73;72;15;46;79;45,0.8295918367346938,0.8132420213239351,0.8357142857142857,0.8192315907513216,0.7540983606557377,0.8843648208469055,366,614,980,0.6459183673469387,False
ses-07,4,3,ses-04;ses-05;ses-06;ses-08,2026,25047c459adb0205705cd17abc37bdd952343e45,276,180,96,13;40;10;67;82;84;6;1;19;18;64;2;11;37;83;20;52;23;26;73;72;15;46;79;45,0.8295918367346938,0.8132420213239351,0.8357142857142857,0.8192315907513216,0.7540983606557377,0.8843648208469055,366,614,980,0.6459183673469387,False
ses-07,7,1,ses-01;ses-02;ses-03;ses-04;ses-05;ses-06;ses-08,42,25047c459adb0205705cd17abc37bdd952343e45,483,315,168,13;40;67;84;82;10;19;1;6;18;83;2;11;23;64;15;26;37;73;3;72;46;9;45;20,0.8244897959183674,0.8031006924049056,0.8275510204081633,0.8071990530606432,0.726775956284153,0.8876221498371335,366,614,980,0.6581632653061225,False
ses-07,7,1,ses-01;ses-02;ses-03;ses-04;ses-05;ses-06;ses-08,123,25047c459adb0205705cd17abc37bdd952343e45,483,315,168,13;40;67;84;82;10;19;1;6;18;83;2;11;23;64;15;26;37;73;3;72;46;9;45;20,0.8244897959183674,0.8031006924049056,0.8275510204081633,0.8071990530606432,0.726775956284153,0.8876221498371335,366,614,980,0.6581632653061225,False
ses-07,7,1,ses-01;ses-02;ses-03;ses-04;ses-05;ses-06;ses-08,2026,25047c459adb0205705cd17abc37bdd952343e45,483,315,168,13;40;67;84;82;10;19;1;6;18;83;2;11;23;64;15;26;37;73;3;72;46;9;45;20,0.8244897959183674,0.8031006924049056,0.8275510204081633,0.8071990530606432,0.726775956284153,0.8876221498371335,366,614,980,0.6581632653061225,False
ses-08,1,1,ses-04,42,25047c459adb0205705cd17abc37bdd952343e45,69,45,24,13;40;67;10;82;84;83;19;18;37;6;1;15;20;21;52;64;42;2;11;36;23;39;73;75,0.7806122448979592,0.7239413680781759,0.7826530612244897,0.7261218205443121,0.5027322404371585,0.9495114006514658,366,614,980,0.7806122448979592,False
ses-08,1,1,ses-04,123,25047c459adb0205705cd17abc37bdd952343e45,69,45,24,13;40;67;10;82;84;83;19;18;37;6;1;15;20;21;52;64;42;2;11;36;23;39;73;75,0.7806122448979592,0.7239413680781759,0.7826530612244897,0.7261218205443121,0.5027322404371585,0.9495114006514658,366,614,980,0.7806122448979592,False
ses-08,1,1,ses-04,2026,25047c459adb0205705cd17abc37bdd952343e45,69,45,24,13;40;67;10;82;84;83;19;18;37;6;1;15;20;21;52;64;42;2;11;36;23;39;73;75,0.7806122448979592,0.7239413680781759,0.7826530612244897,0.7261218205443121,0.5027322404371585,0.9495114006514658,366,614,980,0.7806122448979592,False
ses-08,1,2,ses-05,42,25047c459adb0205705cd17abc37bdd952343e45,69,45,24,13;67;40;79;10;25;66;52;64;37;8;39;12;82;43;70;84;83;46;45;62;20;19;73;18,0.8387755102040816,0.8189156476388815,0.8469387755102041,0.826533881561382,0.7459016393442623,0.9071661237785016,366,614,980,0.6632653061224489,False
ses-08,1,2,ses-05,123,25047c459adb0205705cd17abc37bdd952343e45,69,45,24,13;67;40;79;10;25;66;52;64;37;8;39;12;82;43;70;84;83;46;45;62;20;19;73;18,0.8387755102040816,0.8189156476388815,0.8469387755102041,0.826533881561382,0.7459016393442623,0.9071661237785016,366,614,980,0.6632653061224489,False
ses-08,1,2,ses-05,2026,25047c459adb0205705cd17abc37bdd952343e45,69,45,24,13;67;40;79;10;25;66;52;64;37;8;39;12;82;43;70;84;83;46;45;62;20;19;73;18,0.8387755102040816,0.8189156476388815,0.8469387755102041,0.826533881561382,0.7459016393442623,0.9071661237785016,366,614,980,0.6632653061224489,False
ses-08,1,3,ses-06,42,25047c459adb0205705cd17abc37bdd952343e45,69,45,24,84;82;23;10;83;13;40;6;1;67;19;26;11;2;18;15;22;37;17;7;5;64;20;71;3,0.7479591836734694,0.6851916128228405,0.746938775510204,0.683273704633239,0.43169398907103823,0.9348534201954397,366,614,980,0.7979591836734694,False
ses-08,1,3,ses-06,123,25047c459adb0205705cd17abc37bdd952343e45,69,45,24,84;82;23;10;83;13;40;6;1;67;19;26;11;2;18;15;22;37;17;7;5;64;20;71;3,0.7479591836734694,0.6851916128228405,0.746938775510204,0.683273704633239,0.43169398907103823,0.9348534201954397,366,614,980,0.7979591836734694,False
ses-08,1,3,ses-06,2026,25047c459adb0205705cd17abc37bdd952343e45,69,45,24,84;82;23;10;83;13;40;6;1;67;19;26;11;2;18;15;22;37;17;7;5;64;20;71;3,0.7479591836734694,0.6851916128228405,0.746938775510204,0.683273704633239,0.43169398907103823,0.9348534201954397,366,614,980,0.7979591836734694,False
ses-08,2,1,ses-01;ses-04,42,25047c459adb0205705cd17abc37bdd952343e45,138,90,48,13;40;67;82;84;83;15;10;19;18;1;6;36;23;43;2;11;9;46;45;64;51;42;3;74,0.7836734693877551,0.731350456560047,0.7887755102040817,0.7370774817108987,0.5327868852459017,0.9413680781758957,366,614,980,0.7642857142857142,False
ses-08,2,1,ses-01;ses-04,123,25047c459adb0205705cd17abc37bdd952343e45,138,90,48,13;40;67;82;84;83;15;10;19;18;1;6;36;23;43;2;11;9;46;45;64;51;42;3;74,0.7836734693877551,0.731350456560047,0.7887755102040817,0.7370774817108987,0.5327868852459017,0.9413680781758957,366,614,980,0.7642857142857142,False
ses-08,2,1,ses-01;ses-04,2026,25047c459adb0205705cd17abc37bdd952343e45,138,90,48,13;40;67;82;84;83;15;10;19;18;1;6;36;23;43;2;11;9;46;45;64;51;42;3;74,0.7836734693877551,0.731350456560047,0.7887755102040817,0.7370774817108987,0.5327868852459017,0.9413680781758957,366,614,980,0.7642857142857142,False
ses-08,2,2,ses-01;ses-05,42,25047c459adb0205705cd17abc37bdd952343e45,138,90,48,13;67;40;82;84;9;43;70;83;10;16;64;19;79;18;46;45;1;6;37;15;74;23;62;36,0.8,0.7565191078834481,0.813265306122449,0.7742786707249782,0.6202185792349727,0.9283387622149837,366,614,980,0.7234693877551021,False
ses-08,2,2,ses-01;ses-05,123,25047c459adb0205705cd17abc37bdd952343e45,138,90,48,13;67;40;82;84;9;43;70;83;10;16;64;19;79;18;46;45;1;6;37;15;74;23;62;36,0.8,0.7565191078834481,0.813265306122449,0.7742786707249782,0.6202185792349727,0.9283387622149837,366,614,980,0.7234693877551021,False
ses-08,2,2,ses-01;ses-05,2026,25047c459adb0205705cd17abc37bdd952343e45,138,90,48,13;67;40;82;84;9;43;70;83;10;16;64;19;79;18;46;45;1;6;37;15;74;23;62;36,0.8,0.7565191078834481,0.813265306122449,0.7742786707249782,0.6202185792349727,0.9283387622149837,366,614,980,0.7234693877551021,False
ses-08,2,3,ses-05;ses-07,42,25047c459adb0205705cd17abc37bdd952343e45,138,90,48,13;40;67;10;64;79;52;82;37;25;66;84;20;43;1;6;39;83;74;73;2;11;19;72;18,0.8438775510204082,0.8185730051084886,0.8581632653061224,0.8338361723714423,0.7377049180327869,0.9299674267100977,366,614,980,0.6806122448979591,False
ses-08,2,3,ses-05;ses-07,123,25047c459adb0205705cd17abc37bdd952343e45,138,90,48,13;40;67;10;64;79;52;82;37;25;66;84;20;43;1;6;39;83;74;73;2;11;19;72;18,0.8438775510204082,0.8185730051084886,0.8581632653061224,0.8338361723714423,0.7377049180327869,0.9299674267100977,366,614,980,0.6806122448979591,False
ses-08,2,3,ses-05;ses-07,2026,25047c459adb0205705cd17abc37bdd952343e45,138,90,48,13;40;67;10;64;79;52;82;37;25;66;84;20;43;1;6;39;83;74;73;2;11;19;72;18,0.8438775510204082,0.8185730051084886,0.8581632653061224,0.8338361723714423,0.7377049180327869,0.9299674267100977,366,614,980,0.6806122448979591,False
ses-08,4,1,ses-02;ses-04;ses-05;ses-07,42,25047c459adb0205705cd17abc37bdd952343e45,276,180,96,13;40;67;10;84;82;83;64;6;1;19;18;37;2;11;20;73;72;26;52;21;43;79;46;45,0.7969387755102041,0.7480064434595326,0.7918367346938775,0.7411758423666364,0.5409836065573771,0.9413680781758957,366,614,980,0.7612244897959184,False
ses-08,4,1,ses-02;ses-04;ses-05;ses-07,123,25047c459adb0205705cd17abc37bdd952343e45,276,180,96,13;40;67;10;84;82;83;64;6;1;19;18;37;2;11;20;73;72;26;52;21;43;79;46;45,0.7969387755102041,0.7480064434595326,0.7918367346938775,0.7411758423666364,0.5409836065573771,0.9413680781758957,366,614,980,0.7612244897959184,False
ses-08,4,1,ses-02;ses-04;ses-05;ses-07,2026,25047c459adb0205705cd17abc37bdd952343e45,276,180,96,13;40;67;10;84;82;83;64;6;1;19;18;37;2;11;20;73;72;26;52;21;43;79;46;45,0.7969387755102041,0.7480064434595326,0.7918367346938775,0.7411758423666364,0.5409836065573771,0.9413680781758957,366,614,980,0.7612244897959184,False
ses-08,4,2,ses-02;ses-05;ses-06;ses-07,42,25047c459adb0205705cd17abc37bdd952343e45,276,180,96,13;84;40;67;82;10;83;1;6;19;18;64;2;11;37;26;23;20;43;73;72;79;52;3;74,0.8489795918367347,0.8364393656218294,0.8551020408163266,0.8435325109912604,0.7978142076502732,0.8892508143322475,366,614,980,0.6326530612244898,False
ses-08,4,2,ses-02;ses-05;ses-06;ses-07,123,25047c459adb0205705cd17abc37bdd952343e45,276,180,96,13;84;40;67;82;10;83;1;6;19;18;64;2;11;37;26;23;20;43;73;72;79;52;3;74,0.8489795918367347,0.8364393656218294,0.8551020408163266,0.8435325109912604,0.7978142076502732,0.8892508143322475,366,614,980,0.6326530612244898,False
ses-08,4,2,ses-02;ses-05;ses-06;ses-07,2026,25047c459adb0205705cd17abc37bdd952343e45,276,180,96,13;84;40;67;82;10;83;1;6;19;18;64;2;11;37;26;23;20;43;73;72;79;52;3;74,0.8489795918367347,0.8364393656218294,0.8551020408163266,0.8435325109912604,0.7978142076502732,0.8892508143322475,366,614,980,0.6326530612244898,False
ses-08,4,3,ses-03;ses-05;ses-06;ses-07,42,25047c459adb0205705cd17abc37bdd952343e45,276,180,96,13;40;67;10;84;82;64;1;6;19;18;2;11;37;83;52;79;26;73;20;23;72;43;66;9,0.8459183673469388,0.8268231252558693,0.8520408163265306,0.8344680585963226,0.7650273224043715,0.9039087947882736,366,614,980,0.6540816326530612,False
ses-08,4,3,ses-03;ses-05;ses-06;ses-07,123,25047c459adb0205705cd17abc37bdd952343e45,276,180,96,13;40;67;10;84;82;64;1;6;19;18;2;11;37;83;52;79;26;73;20;23;72;43;66;9,0.8459183673469388,0.8268231252558693,0.8520408163265306,0.8344680585963226,0.7650273224043715,0.9039087947882736,366,614,980,0.6540816326530612,False
ses-08,4,3,ses-03;ses-05;ses-06;ses-07,2026,25047c459adb0205705cd17abc37bdd952343e45,276,180,96,13;40;67;10;84;82;64;1;6;19;18;2;11;37;83;52;79;26;73;20;23;72;43;66;9,0.8459183673469388,0.8268231252558693,0.8520408163265306,0.8344680585963226,0.7650273224043715,0.9039087947882736,366,614,980,0.6540816326530612,False
ses-08,7,1,ses-01;ses-02;ses-03;ses-04;ses-05;ses-06;ses-07,42,25047c459adb0205705cd17abc37bdd952343e45,483,315,168,13;40;67;84;82;10;83;19;1;6;18;2;11;64;23;37;26;43;15;73;72;20;9;3;46,0.8275510204081633,0.7967150816112208,0.8275510204081633,0.7961632936401986,0.6721311475409836,0.9201954397394136,366,614,980,0.6989795918367347,False
ses-08,7,1,ses-01;ses-02;ses-03;ses-04;ses-05;ses-06;ses-07,123,25047c459adb0205705cd17abc37bdd952343e45,483,315,168,13;40;67;84;82;10;83;19;1;6;18;2;11;64;23;37;26;43;15;73;72;20;9;3;46,0.8275510204081633,0.7967150816112208,0.8275510204081633,0.7961632936401986,0.6721311475409836,0.9201954397394136,366,614,980,0.6989795918367347,False
ses-08,7,1,ses-01;ses-02;ses-03;ses-04;ses-05;ses-06;ses-07,2026,25047c459adb0205705cd17abc37bdd952343e45,483,315,168,13;40;67;84;82;10;83;19;1;6;18;2;11;64;23;37;26;43;15;73;72;20;9;3;46,0.8275510204081633,0.7967150816112208,0.8275510204081633,0.7961632936401986,0.6721311475409836,0.9201954397394136,366,614,980,0.6989795918367347,False
