stream_time_s,prediction,confidence,truth,feature_ms,decision_ms,end_to_end_ms,source_lateness_ms,smoothed_prediction,smoothing_delay_ms,smoothing_wall_delay_ms,total_latency_ms
1.0,WALK,0.7874433903118772,,8.12430000223685,0.13130001025274396,8.255600012489595,0.0,WALK,50.0,39.528599998448044,47.78420001093764
1.05,WALK,0.613099971905411,,4.938800004310906,0.08159999561030418,5.02039999992121,0.0,WALK,50.0,65.90990000404418,70.93030000396539
1.1,STOP,0.604294524641028,,12.633300008019432,0.11529999028425664,12.748599998303689,8.999999932711944,STOP,50.0,46.5801999962423,59.32879999454599
1.15,STOP,0.6675328227937869,,4.862900008447468,0.0678999931551516,4.93080000160262,5.999999935738742,STOP,50.0,49.29470000206493,54.22550000366755
1.2,STOP,0.6860209525038135,,4.806299999472685,0.0678000069456175,4.874100006418303,2.9999999387655407,STOP,50.0,52.03399999300018,56.90809999941848
1.25,STOP,0.6827032623456186,,4.449100000783801,0.06649999704677612,4.515599997830577,15.999999930500053,STOP,50.0,39.130600009229966,43.64620000706054
1.3,STOP,0.7808322131896552,,4.671100003179163,0.06629999552387744,4.73739999870304,0.0,STOP,50.0,57.90099999285303,62.63839999155607
1.35,STOP,0.8892054904757112,,4.50260000070557,0.06310000026132911,4.565700000966899,8.999999918160029,STOP,50.0,51.54380000021774,56.10950000118464
1.4,STOP,0.9508760925114546,,9.953899992979132,0.12870000500697643,10.082599997986108,5.999999921186827,STOP,50.0,49.102399992989376,59.184999990975484
1.45,STOP,0.9511685176699348,,4.752699998789467,0.09530001261737198,4.848000011406839,2.9999999242136255,STOP,50.0,58.78409999422729,63.63210000563413
1.5,STOP,0.9561693031550361,,11.200399996596389,0.11660000018309802,11.316999996779487,15.999999915948138,STOP,50.0,38.86090000742115,50.17790000420064
1.55,STOP,0.9568844275738724,,4.550899990135804,0.08140000863932073,4.6322999987751245,0.0,STOP,50.0,43.54469999088906,48.17699998966418
1.6,STOP,0.8950541602265942,,5.143700007465668,0.07399999594781548,5.2177000034134835,0.0,STOP,50.0,61.1332999978913,66.35100000130478
1.65,STOP,0.9054882111010284,,4.494900000281632,0.06670001312159002,4.561600013403222,5.999999906634912,STOP,50.0,49.32389999157749,53.88550000498071
1.7,STOP,0.9168305651168487,,4.806799988728017,0.06659999780822545,4.873399986536242,2.9999999096617103,STOP,50.0,58.128500008024275,63.00189999456052
1.75,STOP,0.9534169893006468,,10.54390000354033,0.08520000847056508,10.629100012010895,15.999999901396222,STOP,50.0,40.11799998988863,50.747100001899526
1.8,STOP,0.919333724806355,,5.33819998963736,0.15639999764971435,5.494599987287074,11.999999900581315,STOP,50.0,46.863000010489486,52.35759999777656
1.85,STOP,0.8979452016641213,,8.227199999964796,0.07399999594781548,8.301199995912611,0.0,STOP,50.0,62.762899993686005,71.06409998959862
1.9,STOP,0.9267392371902139,,6.381099999998696,0.06979999307077378,6.45089999306947,5.999999892082997,STOP,50.0,32.966500002657995,39.417399995727465
1.95,STOP,0.9246945188608581,,4.701400001067668,0.07239999831654131,4.7737999993842095,2.999999895109795,STOP,50.0,52.00910000712611,56.78290000651032
2.0,STOP,0.9278020922496266,,4.746899998281151,0.07130000449251384,4.818200002773665,0.0,STOP,50.0,55.03750000207219,59.85570000484586
2.05,STOP,0.9512995490506879,,4.626199995982461,0.07350000669248402,4.699700002674945,11.9999998860294,STOP,50.0,42.98860000562854,47.688300008303486
2.1,STOP,0.9748248904059325,,4.73519999650307,0.0754000066081062,4.810600003111176,0.0,STOP,50.0,46.57180000504013,51.38240000815131
2.15,STOP,0.9892399402868876,,5.168999996385537,0.07170000753831118,5.240700003923848,0.0,STOP,50.0,49.89749999367632,55.13819999760017
2.2,STOP,0.9789946887509796,,5.623299992294051,0.07599999662488699,5.699299988918938,0.0,STOP,50.0,52.15950000274461,57.858799991663545
2.25,STOP,0.982167562688019,,4.769999999552965,0.07369999366346747,4.843699993216433,0.0,STOP,50.0,55.45489999349229,60.29859998670872
2.3,STOP,0.9712948191061734,,4.918400009046309,0.08040000102482736,4.998800010071136,0.0,STOP,50.0,43.096800000057556,48.09560001012869
2.35,STOP,0.9788675707937449,,4.773299995576963,0.07049999840091914,4.843799993977882,0.0,STOP,50.0,60.85419999726582,65.6979999912437
2.4,STOP,0.9701701484125838,,4.602400003932416,0.07319998985622078,4.675599993788637,5.999999862979166,STOP,50.0,52.6084000011906,57.28399999497924
2.45,STOP,0.9696876461986988,,7.991300008143298,0.10479999764356762,8.096100005786866,2.9999998660059646,STOP,50.0,52.390099997865036,60.4862000036519
2.5,STOP,0.945492124612975,,4.946500004734844,0.07999999797903001,5.026500002713874,15.999999857740477,STOP,50.0,41.77319999143947,46.79969999415334
2.55,STOP,0.9398035953068495,,7.335100002819672,0.08620000153314322,7.4213000043528154,0.0,STOP,50.0,58.52530000265688,65.94660000700969
2.6,STOP,0.8822573362010415,,5.201099993428215,0.0754000066081062,5.276500000036322,8.999999845400453,STOP,50.0,47.045500003150664,52.322000003186986
2.65,STOP,0.9179568000937064,,5.66199999593664,0.09220000356435776,5.754199999500997,5.999999848427251,STOP,50.0,50.028500001644716,55.78270000114571
2.7,STOP,0.9234784964201386,,5.709499993827194,0.07900000491645187,5.788499998743646,2.9999998514540493,STOP,50.0,37.196199991740286,42.98469999048393
2.75,STOP,0.9463844963727519,,5.820199992740527,0.079699995694682,5.899899988435209,0.0,STOP,50.0,59.18589999782853,65.08579998626374
2.8,STOP,0.9764487384448012,,8.633300007204525,0.08759999764151871,8.720900004846044,0.0,STOP,50.0,44.904599999426864,53.62550000427291
2.85,STOP,0.9839943096288661,,6.54719999874942,0.09460000728722662,6.641800006036647,0.0,STOP,50.0,54.32280000241008,60.96460000844672
2.9,STOP,0.9755412874261553,,12.893600011011586,0.13220000255387276,13.025800013565458,0.0,STOP,50.0,49.68519999238197,62.711000005947426
2.95,STOP,0.9830664036105273,,5.14409999595955,0.07769999501761049,5.221799990977161,2.999999836902134,STOP,50.0,52.48630000278354,57.7080999937607
3.0,STOP,0.9919577427347417,,5.096000008052215,0.07609999738633633,5.172100005438551,0.0,STOP,50.0,0.029999995604157448,5.202100001042709
